Symbol,Description,Price,Price - Currency,Price Change % 1 day,Volume 1 day,Relative Volume 1 day,Market capitalization,Market capitalization - Currency,Price to earnings ratio,"EPS diluted, Trailing 12 months","EPS diluted, Trailing 12 months - Currency","EPS diluted growth %, TTM YoY","Dividend yield %, Trailing 12 months",Sector,Analyst Rating
AAPL,Apple Inc.,242.43,USD,-3.190639725261553,37555783,0.7149978618954097,3664529001809.0146,USD,39.93970246626798,6.0699,USD,-0.9755779238788207,0.395336,Electronic technology,Buy
NVDA,NVIDIA Corporation,137.0402,USD,2.0479559163005487,145041905,0.7457957496899449,3356114330209.69,USD,53.98046244140702,2.5387,USD,235.18616318986005,0.0253183,Electronic technology,Strong buy
MSFT,Microsoft Corporation,417.19,USD,-1.0225385527876636,9870091,0.46241946069532197,3101757945723.0894,USD,34.43326537855215,12.1159,USD,17.332778105964493,0.730724,Technology services,Strong buy
GOOG,Alphabet Inc.,190.27,USD,-0.08926696072253072,12196396,0.6245262567076807,2321455949282.632,USD,25.2397691848511,7.5385,USD,44.529227937652166,0.31506,Technology services,Buy
GOOGL,Alphabet Inc.,188.905,USD,-0.20866349709456428,13149922,0.4831772235416773,2318681734828.859,USD,25.058698680108776,7.5385,USD,44.529227937652166,0.316957,Technology services,Buy
AMZN,"Amazon.com, Inc.",219.77,USD,0.17320752996947167,23327173,0.6718908589815666,2310883904381.9155,USD,47.099290628147706,4.6661,USD,143.63512949039264,0,Retail trade,Strong buy
META,"Meta Platforms, Inc.",595.6,USD,1.72328397465458,7770379,0.5710436045559678,1503294861303.9033,USD,28.048694341755162,21.2345,USD,87.43986512132903,0.341583,Technology services,Buy
TSLA,"Tesla, Inc.",377.4,USD,-6.547147385103011,89124312,0.9238905421557588,1211476562988.5254,USD,103.38593030900724,3.6504,USD,17.54628884237642,0,Consumer durables,Neutral
AVGO,Broadcom Inc.,232.8264,USD,0.4254658385093182,22299004,0.4809691131392723,1091340195755.984,USD,190.98219998359446,1.2191,USD,-62.98803813224847,0.93599,Electronic technology,Strong buy
WMT,Walmart Inc.,89.88,USD,-0.5201992252351952,7441200,0.3859123388391234,722040742200.445,USD,36.910188493285695,2.4351,USD,21.27595995816525,0.91865,Retail trade,Strong buy
JPM,JP Morgan Chase & Co.,240.415,USD,0.2941053773309349,4081696,0.42225907200716517,676850123577.7924,USD,13.373700401074723,17.9767,USD,7.310768863419306,1.91899,Finance,Buy
XOM,Exxon Mobil Corporation,107.315,USD,-0.23705494096866736,7388422,0.46024272829213153,471659589242.9063,USD,13.366256476683937,8.0288,USD,-20.183714248789656,3.56977,Energy minerals,Buy
COST,Costco Wholesale Corporation,906.91,USD,-1.0215329542602087,1179533,0.53388069623337,402576328008.4086,USD,53.25492084370743,17.0296,USD,16.132815963011197,0.491122,Retail trade,Buy
PG,Procter & Gamble Company (The),166.58,USD,-0.6382344169400496,2356681,0.3370264582418106,392302840107.33,USD,28.73059675750259,5.798,USD,-5.738904243212482,2.36218,Consumer non-durables,Buy
NFLX,"Netflix, Inc.",887.31,USD,-0.44989453843738547,1482858,0.5481771899040245,379287876343.08435,USD,50.20993662290629,17.672,USD,76.20899391763885,0,Technology services,Buy
JNJ,Johnson & Johnson,144.1099,USD,-0.35271746646383223,2850391,0.351428363418564,346962304808.25476,USD,23.82139314996033,6.0496,USD,15.461398988453103,3.3951,Health technology,Buy
ASML,ASML Holding N.V. - New York Registry Shares,700.757,USD,1.1076643388930436,779339,0.5567117121268003,276414353107.9856,USD,36.72884607321061,19.0792,USD,-7.378028059614544,0.823346,Electronic technology,Buy
KO,Coca-Cola Company (The),61.79,USD,-0.7548988114359121,4907089,0.3079357217081672,266178761730.33298,USD,25.662430434421463,2.4078,USD,-2.9308607135658216,3.11597,Consumer non-durables,Buy
CVX,Chevron Corporation,146.56,USD,1.187517260425296,4409066,0.4212193750560371,263381713418.58713,USD,16.130842973023544,9.0857,USD,-32.44330433489479,4.50152,Energy minerals,Buy
TMUS,"T-Mobile US, Inc.",219.4,USD,-0.6025460970416274,1431448,0.3593927435429351,254610749026.76215,USD,25.000854632678873,8.7757,USD,36.04892719831329,1.28211,Communications,Buy
MRK,"Merck & Company, Inc.",99.06,USD,-0.4221954161640548,2971572,0.28593539658187167,250585725077.4276,USD,20.747722274583726,4.7745,USD,165.2057990334944,3.13631,Health technology,Buy
CSCO,"Cisco Systems, Inc.",58.8842,USD,-0.533445945945951,8139905,0.37362474824845404,234521539357.4032,USD,25.352708171876344,2.3226,USD,-29.881656804733726,2.68581,Electronic technology,Buy
WFC,Wells Fargo & Company,70.11,USD,-0.18507972665147418,4791909,0.32101392001608103,233430587466.21826,USD,14.576792731355384,4.8097,USD,3.652859790526275,2.13554,Finance,Buy
MCD,McDonald's Corporation,292.47,USD,0.8899927558729315,1668407,0.5739119582709554,209589771307.47037,USD,25.674406355616032,11.3915,USD,0.36387024017199215,2.33882,Consumer services,Buy
AXP,American Express Company,297.13,USD,0.11455911587316789,973906,0.3714154142739873,209311714781.88217,USD,21.855829349025374,13.595,USD,27.471847427590923,0.909734,Finance,Neutral
PEP,"PepsiCo, Inc.",150.19,USD,-1.2297777193213235,2170175,0.2975347015051067,206059026654.6305,USD,22.137224555973173,6.7845,USD,13.241086927493662,3.5052,Consumer non-durables,Buy
AZN,AstraZeneca PLC,66.01,USD,0.7478632478632617,1924863,0.3871565167168832,203005072650.1952,USD,31.721851122110625,2.0809,USD,10.042305658381819,2.2207,Health technology,Buy
IBM,International Business Machines Corporation,219.17,USD,-0.30023199745258833,1331716,0.34774638659627044,202654477372.46085,USD,31.8992242420714,6.8707,USD,-8.83312987633353,3.03416,Technology services,Neutral
DIS,Walt Disney Company (The),110.73,USD,-0.5568028738212756,3284982,0.40935399821792334,200525295862.81647,USD,40.76351052864085,2.7164,USD,111.11370171757211,0.853166,Consumer services,Buy
LIN,Linde plc,415.77,USD,-0.6926696443499735,792674,0.31826579562755025,197972175579.6607,USD,31.555579167868363,13.1758,USD,8.858521431640177,1.32801,Process industries,Buy
AMD,"Advanced Micro Devices, Inc.",120.3301,USD,-0.3807434390264133,24821192,0.6461085022717901,195272574959.4792,USD,107.639413185437,1.1179,USD,781.6246056782334,0,Electronic technology,Buy
ADBE,Adobe Inc.,441.435,USD,-0.7297382387334723,1597330,0.35471921591137523,194319689187.91656,USD,35.6004580755986,12.3997,USD,4.906174385353378,0,Technology services,Buy
ISRG,"Intuitive Surgical, Inc.",522.83,USD,0.166679439037475,480020,0.3373625629884128,186221306210.7672,USD,84.0360041790565,6.2215,USD,46.51579021736571,0,Health technology,Buy
GE,GE Aerospace,168.31,USD,0.9113256190419151,2197908,0.4542772219287243,182160886602.65198,USD,29.68587403213574,5.6697,USD,-35.05200696480939,0.671503,Producer manufacturing,Strong buy
INTU,Intuit Inc.,621.325,USD,-1.1416070007955377,552355,0.345882294005116,173919292441.7973,USD,60.4425269465738,10.2796,USD,12.512587014579049,0.595068,Technology services,Buy
QCOM,QUALCOMM Incorporated,153.42,USD,-0.130191381330567,2376651,0.31351392936400185,170449614582.06284,USD,17.089580502149843,8.9774,USD,39.81093582096524,2.18071,Electronic technology,Buy
TXN,Texas Instruments Incorporated,186.43,USD,-0.5759692816383042,2571277,0.5170739611480043,170064538322.9903,USD,34.6337476081666,5.3829,USD,-30.20913015856552,2.80518,Electronic technology,Neutral
PLTR,Palantir Technologies Inc.,74.22,USD,-1.864339547798488,58890550,0.6075533017839184,169074718789.7747,USD,375.79746835443035,0.1975,USD,205.25502318392586,0,Technology services,Neutral
BKNG,Booking Holdings Inc. Common Stock,4910.82,USD,-1.1593222795174394,79807,0.40695661396921784,162532002586.44254,USD,33.321798180974326,147.3756,USD,2.6421854008060914,0.704449,Consumer services,Buy
HON,Honeywell International Inc.,225.64,USD,-0.11067333657975122,1158024,0.29447120156613193,146721817408.56735,USD,26.056931693515793,8.6595,USD,7.355384195779911,1.93457,Electronic technology,Buy
CMCSA,Comcast Corporation,37.385,USD,-0.3863575806021933,16288446,0.7669217187550292,143055196167.71875,USD,10.074375488425988,3.7109,USD,2.9518657234013115,3.25073,Consumer services,Buy
AMGN,Amgen Inc.,258.73,USD,-0.7328115408225784,1264600,0.31149841749394425,139075862919.3703,USD,33.12846515320299,7.8099,USD,-44.46253840027307,3.45304,Health technology,Buy
PDD,PDD Holdings Inc.,96.59,USD,-0.41241365089183574,4004976,0.4524241829393399,134696858982,USD,9.49791535556954,10.1696,USD,127.8136200716846,0,Retail trade,Strong buy
AMAT,"Applied Materials, Inc.",163.65,USD,0.6271905552481155,2190124,0.34892269367152046,133159493917.89247,USD,19.008293260854416,8.6094,USD,6.126423746363613,0.934637,Producer manufacturing,Buy
ARM,Arm Holdings plc,127,USD,2.950713359273671,2463936,0.5461551793513578,129651360641,USD,210.26490066225165,0.604,USD,250.5513639001741,0,Electronic technology,Buy
BA,Boeing Company (The),171.541,USD,-3.0841807909604535,9265392,0.7697843552622587,128342863571.39691,USD,,-12.9064,USD,-175.30716723549486,0,Electronic technology,Buy
SNY,Sanofi,48.1,USD,-0.26954177897573184,927949,0.37720176192171445,121772412287.44958,USD,26.517448591432824,1.8139,USD,-49.13776182598211,3.06452,Health technology,Buy
PANW,"Palo Alto Networks, Inc.",180.13,USD,-1.0057155418773425,2848700,0.605273629489845,118201312560.35121,USD,46.952872484621,3.8364,USD,334.9166761138193,0,Technology services,Buy
ADP,"Automatic Data Processing, Inc.",289.3875,USD,-1.141837187852297,520740,0.2882647930839035,117912940730.94876,USD,30.91845892496554,9.3597,USD,11.20391602409495,1.96085,Technology services,Neutral
GILD,"Gilead Sciences, Inc.",91.805,USD,-0.6116704557756822,1725013,0.2677446798524159,114413441518.00125,USD,1035.0056369785796,0.0887,USD,-98.09795428228331,3.33442,Health technology,Buy
APP,Applovin Corporation,335.95,USD,3.742704505450392,3738648,0.9070324535907566,112742065790.95914,USD,101.64901664145233,3.305,USD,1022.6222826086957,0,Technology services,Buy
ADI,"Analog Devices, Inc.",210.8,USD,-0.7813235432551994,1027153,0.35777662306250324,104619378123.12341,USD,64.28985330446186,3.2789,USD,-49.867747114135,1.73209,Electronic technology,Buy
VRTX,Vertex Pharmaceuticals Incorporated,405.1,USD,0.5959771542090971,781904,0.29821039969028074,104325121326.23418,USD,,-1.9932,USD,-114.9598084616135,0,Health technology,Buy
SBUX,Starbucks Corporation,91.82,USD,0.6246575342465679,3979688,0.3771410569044902,104105520483.83473,USD,27.768705014213996,3.3066,USD,-7.711630243657372,2.54247,Consumer services,Buy
CHTR,"Charter Communications, Inc.",347.36,USD,1.339090352131176,316112,0.3597023493554677,98786230359.72531,USD,10.87862701805484,31.9305,USD,4.2073932894491985,0,Consumer services,Neutral
MRVL,"Marvell Technology, Inc.",112.435,USD,1.7971933001358076,6248710,0.4319751498099917,97290001439.30997,USD,,-1.7079,USD,-164.09463429720114,0.217293,Electronic technology,Strong buy
MU,"Micron Technology, Inc.",86.77,USD,3.1012357414448664,13389929,0.37876629100064657,96676697800.28043,USD,25.059204066308553,3.4626,USD,,0.546578,Electronic technology,Buy
LRCX,Lam Research Corporation,72.1,USD,-0.1799806174719779,3843023,0.31463713569886076,92769997036.60805,USD,23.33031322806109,3.0904,USD,5.047758251470134,1.19064,Producer manufacturing,Buy
EQIX,"Equinix, Inc.",945.51,USD,0.2778691045615082,241273,0.4634420831373296,90977750597,USD,85.20564487059332,11.0968,USD,19.38076232074275,1.80721,Finance,Strong buy
MELI,"MercadoLibre, Inc.",1766.86,USD,3.9060478464397357,246395,0.56615346656911,89575163116.572,USD,62.33497738546319,28.3446,USD,46.008344923504865,0,Retail trade,Strong buy
INTC,Intel Corporation,20.18,USD,0.6483790523690723,28453105,0.4734953892073471,87036336687.66183,USD,,-3.7174,USD,-826.1086198305928,2.49377,Electronic technology,Neutral
PYPL,"PayPal Holdings, Inc.",86.045,USD,0.8142940831868863,3981926,0.4869136170821569,86263451083.3013,USD,20.558369570411433,4.1854,USD,24.609979754674274,0,Commercial services,Buy
CRWD,"CrowdStrike Holdings, Inc.",345.285,USD,0.913315407996259,1497552,0.473404101127238,85047572858.0074,USD,681.8424170616115,0.5064,USD,,0,Technology services,Buy
KLAC,KLA Corporation,634.77,USD,0.7379546752999393,496396,0.4853832842780017,84906695453.28714,USD,28.98890258939581,21.897,USD,-1.8467882917208418,0.92046,Electronic technology,Buy
CME,CME Group Inc.,232.13,USD,-0.04306075873056638,564542,0.32391182473640445,83650877762.88072,USD,24.409556457549055,9.5098,USD,13.496998412679476,4.47832,Finance,Buy
ABNB,"Airbnb, Inc.",131.26,USD,-0.11414656418842226,1576877,0.36271415260466555,83215119380.81227,USD,46.09981385874337,2.8473,USD,-65.51068365715392,0,Consumer services,Neutral
CDNS,"Cadence Design Systems, Inc.",296.98,USD,-1.1582240564467687,591639,0.4251936961643675,81450623568.4462,USD,78.09919528743492,3.8026,USD,8.357792152281078,0,Technology services,Buy
MDLZ,"Mondelez International, Inc.",59.4011,USD,-0.5506445672191483,3657022,0.316962309741853,79430806608.43062,USD,21.070944627718063,2.8191,USD,-15.75974899148363,2.99682,Consumer non-durables,Strong buy
REGN,"Regeneron Pharmaceuticals, Inc.",713.8199,USD,0.20915867645612574,217770,0.25505773145139293,78441332389.81458,USD,17.663912479708593,40.4112,USD,15.250157569466044,0,Health technology,Buy
IBKR,"Interactive Brokers Group, Inc.",180.94,USD,2.416935529518317,595527,0.6284314176558956,76451207495.77417,USD,28.140406538204328,6.4299,USD,17.083963071544332,0.481123,Finance,Buy
MAR,Marriott International,274.88,USD,-1.4555101455510153,660968,0.5704944043908247,76387347426.69478,USD,28.742314609561255,9.5636,USD,1.3383065071577542,0.863985,Consumer services,Neutral
CEG,Constellation Energy Corporation,237.95,USD,6.365383755755209,2926466,1.268705934825171,74422815074.88823,USD,26.258579973073783,9.0618,USD,73.52124542825959,0.63028,Utilities,Buy
SNPS,"Synopsys, Inc.",480.27,USD,-1.0487061150486303,454157,0.45816710760935087,74239395076.81487,USD,33.07143545743758,14.5222,USD,82.8992443324937,0,Technology services,Strong buy
CTAS,Cintas Corporation,181.57,USD,-0.618500273672685,878595,0.2951379756053269,73226928212.22348,USD,43.79824392126592,4.1456,USD,20.259921095381756,0.796388,Consumer services,Neutral
MSTR,MicroStrategy Incorporated,297.21,USD,2.620675367723215,14506757,0.6266197324498419,72771733216.18987,USD,,-2.1111,USD,-110.04076041721164,0,Technology services,Buy
FTNT,"Fortinet, Inc.",94.38,USD,-0.1058425063505594,1531076,0.37080543540362554,72337808184.50104,USD,47.575360419397114,1.9838,USD,36.70066152149944,0,Technology services,Buy
DASH,"DoorDash, Inc.",170.49,USD,1.6333830104321962,1344289,0.5440173005634994,70820904727.90855,USD,,-0.4463,USD,83.3990477607499,0,Transportation,Buy
MMM,3M Company,129.905,USD,0.6313424742427746,1765787,0.6216015704549446,70740890043.05956,USD,16.40836175318934,7.917,USD,,2.7965,Producer manufacturing,Buy
ORLY,"O'Reilly Automotive, Inc.",1186.4775,USD,0.057134424017541666,144066,0.3905698894705594,68496167568.087326,USD,29.353868648533638,40.4198,USD,7.4971809110444525,0,Retail trade,Buy
WDAY,"Workday, Inc.",250.9975,USD,-2.7254582800449447,1258416,0.17870878353864228,67016332182.885,USD,41.64274811693267,6.0274,USD,2449.661590524535,0,Technology services,Buy
COIN,"Coinbase Global, Inc.",256.54,USD,3.318566250503427,4830574,0.6309009879270546,64224802472.741035,USD,43.85149225667499,5.8502,USD,,0,Finance,Buy
TEAM,Atlassian Corporation,241.465,USD,-0.7868354014298594,863040,0.47071741590624966,63131199906.90793,USD,,-1.5095,USD,23.29386655826007,0,Technology services,Buy
ADSK,"Autodesk, Inc.",292.905,USD,-0.9016476638359848,536755,0.3773851945872745,62974576560.79905,USD,58.18880743786876,5.0337,USD,18.610240580598024,0,Technology services,Buy
CSX,CSX Corporation,32.225,USD,-0.1394484040904918,4729895,0.43582743592586315,62143305327.73705,USD,17.32247486964468,1.8603,USD,-1.2422360248447135,1.48745,Transportation,Buy
TTD,"The Trade Desk, Inc.",117.915,USD,0.32757593805837243,1452535,0.4369949013475824,58199777461.55628,USD,191.51372421633914,0.6157,USD,101.67048804454635,0,Technology services,Buy
NTES,"NetEase, Inc.",87.95,USD,-1.4123977132608352,570319,0.8384251422136597,55650836563.377075,USD,14.93944386879788,5.8871,USD,0.872142832665097,2.72935,Technology services,Strong buy
ROP,"Roper Technologies, Inc.",515.18,USD,-0.8983360584784211,165446,0.24935598435673495,55242310317.32311,USD,37.95623664628306,13.573,USD,14.910513215597968,0.57709,Technology services,Buy
CPRT,"Copart, Inc.",56.5,USD,-1.550792821048964,1678027,0.44914783465779634,54439352966.727646,USD,39.5991028875806,1.4268,USD,4.359274429490938,0,Retail trade,Buy
PCAR,PACCAR Inc.,103.48,USD,-0.5191309363583849,692087,0.2922352098063156,54254617829.09826,USD,11.567439468801002,8.9458,USD,14.340857383879953,1.12478,Producer manufacturing,Neutral
NXPI,NXP Semiconductors N.V.,205.85,USD,-0.9622323791195575,679893,0.28777202227807575,52317927393.84701,USD,19.652489378967967,10.4745,USD,-3.0264595330234823,1.95141,Electronic technology,Buy
MNST,Monster Beverage Corporation,52.495,USD,-0.12366818873669108,1548036,0.32452328313409196,51052423738.91533,USD,33.726309026662385,1.5565,USD,5.325483827310866,0,Consumer non-durables,Buy
ROST,"Ross Stores, Inc.",152.11,USD,0.5552984729292016,1104096,0.48831566792065517,50185531910.1689,USD,23.940381195209092,6.3537,USD,25.825807984790877,0.971772,Retail trade,Buy
JD,"JD.com, Inc.",34.1678,USD,-1.44851456590713,4600601,0.6439610017772401,50107134217.06112,USD,10.89013545816733,3.1375,USD,47.52209892796692,2.13441,Retail trade,Strong buy
PAYX,"Paychex, Inc.",138.72,USD,-1.069747539580659,939421,0.35591458740953585,49947946636.320076,USD,29.189462166484304,4.7524,USD,5.6746419994663215,2.73142,Technology services,Neutral
AEP,"American Electric Power Company, Inc.",91.74,USD,-0.5312804944161433,829663,0.30885466282637886,48857543098.77112,USD,18.420207212272103,4.9804,USD,14.457748259140951,3.87076,Utilities,Neutral
FANG,"Diamondback Energy, Inc.",166.3958,USD,1.5661356283952852,1076160,0.40672429980028496,48585776532.46963,USD,9.52760441120896,17.4646,USD,-0.9612058454925361,5.06012,Energy minerals,Strong buy
DDOG,"Datadog, Inc.",142.855,USD,-0.024494366295749595,1545177,0.4666522871678133,48531137968.84302,USD,264.44835246205105,0.5402,USD,,0,Technology services,Strong buy
LULU,lululemon athletica inc.,373.04,USD,-2.4502497319630776,805389,0.5213389051461591,47338613954.25684,USD,26.94363389477942,13.8452,USD,76.16551302931596,0,Retail trade,Buy
TCOM,Trip.com Group Limited,64.97,USD,-5.374308185260702,1991842,0.9676998718667624,45226073234.155556,USD,19.62661994381174,3.3103,USD,47.091757387247256,0,Consumer services,Strong buy
AXON,"Axon Enterprise, Inc.",592.55,USD,-0.2978193565755982,321404,0.22278672221524048,45184768075.81614,USD,153.4467578205925,3.8616,USD,97.35268564419685,0,Electronic technology,Strong buy
NDAQ,"Nasdaq, Inc.",77.29,USD,-0.025869874531103378,1406514,0.5427173325907333,44423015772.7752,USD,46.173606547583496,1.6739,USD,-24.97759053424166,1.21588,Finance,Buy
KDP,Keurig Dr Pepper Inc.,31.86,USD,-0.809464508094639,2176345,0.2037113564023156,43216610682.27273,USD,19.281045751633986,1.6524,USD,20.419763882815914,2.72416,Consumer non-durables,Buy
BKR,Baker Hughes Company,41.42,USD,0.9751340809361252,2551691,0.43116994762746025,40986159833.56509,USD,18.549037169726827,2.233,USD,34.55860198855078,2.0234,Industrial services,Buy
FAST,Fastenal Company,71.07,USD,-1.1681268251981691,1211325,0.39663440404512207,40715043823.8227,USD,35.31955074048305,2.0122,USD,1.6313955250265164,2.16938,Distribution services,Neutral
VRSK,"Verisk Analytics, Inc.",274.17,USD,-0.4574665069164546,373764,0.4918732424003989,38715722218.77464,USD,42.728236137518316,6.4166,USD,88.89019723285251,0.566387,Technology services,Buy
XEL,Xcel Energy Inc.,66.84,USD,-1.0071090047393256,1268255,0.3042133083256947,38382317347.4378,USD,19.862118150481397,3.3652,USD,6.524010002848918,3.20275,Utilities,Buy
EA,Electronic Arts Inc.,145.77,USD,-0.3622693096377314,538742,0.27356224718918554,38231510810.7125,USD,37.432592059986646,3.8942,USD,7.452884854170697,0.519481,Technology services,Buy
CTSH,Cognizant Technology Solutions Corporation,76.48,USD,-0.5461638491547486,1092103,0.39322891977781205,37920639336.17685,USD,16.919979646467997,4.5201,USD,10.034324107208072,1.56047,Technology services,Neutral
EXC,Exelon Corporation,37.585,USD,-0.14612114771519583,2401165,0.31102862143621285,37766670925.89771,USD,15.488111427040838,2.4267,USD,12.84352476168332,4.03826,Utilities,Neutral
ODFL,"Old Dominion Freight Line, Inc.",175.97,USD,-0.24376417233560477,542922,0.34439575552127316,37569158716.1026,USD,30.753770600674603,5.7219,USD,1.8729859169975247,0.589569,Transportation,Neutral
ARGX,argenx SE,619.94,USD,0.8032520325203342,102481,0.47018281803212425,37495554195.53439,USD,,-3.4993,USD,51.16256350136772,0,Health technology,Strong buy
KHC,The Kraft Heinz Company,30.675,USD,-0.11396939107782528,3267690,0.3170091412941434,37091439772.824814,USD,27.545797413793107,1.1136,USD,-54.00627787873782,5.21003,Consumer non-durables,Buy
GEHC,GE HealthCare Technologies Inc.,78.1,USD,-0.10232796111539076,1043423,0.3280985257462678,35681777950.43105,USD,21.39022787028922,3.6512,USD,8.489080374387159,0.153492,Health technology,Buy
CCEP,Coca-Cola Europacific Partners plc,76.5,USD,-0.4035932821247263,530523,0.3755443387145572,35218424906.10597,USD,20.17192279295433,3.7924,USD,-2.033013872026039,2.77308,Consumer non-durables,Buy
HOOD,"Robinhood Markets, Inc.",39.125,USD,5.005367686527112,14375099,0.7354216377522954,34585546929.28073,USD,66.67518745739605,0.5868,USD,,0,Finance,Buy
ACGL,Arch Capital Group Ltd.,91.45,USD,-0.9745533297238673,465214,0.2555081017302455,34407319570.49865,USD,6.1401800761395755,14.8937,USD,90.58325229052568,0,Finance,Buy
IDXX,"IDEXX Laboratories, Inc.",407.69,USD,-1.390770123839009,164350,0.3234263101458582,33383559859.173904,USD,39.33409231244211,10.3648,USD,5.753553245110146,0,Health technology,Buy
TTWO,"Take-Two Interactive Software, Inc.",181.985,USD,-1.138092133854845,640915,0.4458887466478251,31961551911.496986,USD,,-21.1587,USD,-136.50783005264745,0,Technology services,Buy
DD,"DuPont de Nemours, Inc.",75.54,USD,-0.9311475409835984,1079129,0.5744376820055626,31572351960.185703,USD,39.734890326652994,1.9011,USD,-80.32802152317882,1.99344,Process industries,Buy
UAL,"United Airlines Holdings, Inc.",95.1,USD,-2.059732234809475,2212764,0.47341612259725857,31276099075.27909,USD,11.463217656489194,8.2961,USD,-3.783213295756353,0,Transportation,Strong buy
WTW,Willis Towers Watson Public Limited Company,309.515,USD,-1.1891840122589779,206518,0.3244785895005995,31176043338.371914,USD,,-7.245,USD,-177.05807275047863,1.12374,Finance,Buy
TW,Tradeweb Markets Inc.,131.355,USD,0.33226397800183494,390891,0.5982488307172417,31030743606.205547,USD,62.90646999664767,2.0881,USD,21.51419925512104,0.30553,Finance,Buy
DXCM,"DexCom, Inc.",78.56,USD,1.0158158673010238,1290931,0.3868823509702575,30685170740.95204,USD,47.092674739239904,1.6682,USD,84.80115209925778,0,Health technology,Buy
MCHP,Microchip Technology Incorporated,56.69,USD,-1.1508282476024474,3892107,0.42063585813462206,30443110483.85318,USD,39.53553246390962,1.4339,USD,-68.53826575390556,3.1578,Electronic technology,Buy
HPQ,HP Inc.,32.41,USD,-0.6742261722341586,2388729,0.3550508548027586,30394025407.758194,USD,11.519869197412381,2.8134,USD,-14.530485767232735,3.42078,Electronic technology,Neutral
FER,Ferrovial SE,41.91,USD,-0.28551034975018924,37598,0.6212768910708177,30260622717.884476,USD,37.51056337203736,1.117285272,USD,193.50628602447705,1.56753,Industrial services,Buy
ALNY,"Alnylam Pharmaceuticals, Inc.",232.7234,USD,-1.099230801920872,201720,0.3229543920201655,30016875890.414944,USD,,-2.6212,USD,36.81571652404484,0,Health technology,Buy
BIDU,"Baidu, Inc.",82.69,USD,-1.9214802514529765,2010574,0.869847823117753,29852687667.996357,USD,10.201966614437467,8.1053,USD,-10.686383621117134,0,Technology services,Buy
EBAY,eBay Inc.,62.19,USD,0.3874092009685147,1386290,0.3133110113918723,29789010366.41404,USD,15.708115480791088,3.9591,USD,-21.676426367017495,1.74334,Retail trade,Neutral
FCNCA,"First Citizens BancShares, Inc.",2117.95,USD,0.2333153495944116,24155,0.30830948630827626,29288479083.566883,USD,12.135663649677864,174.5228,USD,-77.2420231323847,0.325127,Finance,Buy
ANSS,"ANSYS, Inc.",334.13,USD,-0.9486259745649628,319334,0.6985348080699414,29219651022.38505,USD,51.60388577429767,6.4749,USD,17.038121576920982,0,Technology services,Neutral
CSGP,"CoStar Group, Inc.",70.565,USD,-1.4317642128789017,1480853,0.5104423572024155,28928793015.456627,USD,164.1046511627907,0.43,USD,-56.5831987075929,0,Technology services,Buy
MPWR,"Monolithic Power Systems, Inc.",591.71,USD,0.001690045631230506,271118,0.3521334480277875,28863613672.997856,USD,66.6775596673503,8.8742,USD,-3.895428800398533,0.845023,Electronic technology,Buy
FWONA,Liberty Media Corporation - Series A Liberty Formula One,83.13,USD,-1.0828177058543678,76703,0.6790874908477283,28540617390.989525,USD,,-9.2694,USD,-585.2072864321608,0,Consumer services,Strong buy
FWONK,Liberty Media Corporation - Series C Liberty Formula One,91.61,USD,-1.133175048564642,474930,0.3642195074965122,28526087765.116776,USD,,-9.2694,USD,-585.2072864321608,0,Consumer services,Strong buy
FITB,Fifth Third Bancorp,42.165,USD,-0.2719962157048297,1526019,0.3237897664738883,28273458902.704823,USD,14.066253002401922,2.9976,USD,-14.522797912686421,3.40587,Finance,Buy
TSCO,Tractor Supply Company,52.29,USD,-1.451187335092354,2714508,0.501627192877739,28202317332.77968,USD,25.44525547445255,2.055,USD,0.27325070752416664,1.6585,Retail trade,Buy
DOW,Dow Inc.,39.735,USD,-0.9843010216795492,4023469,0.478138867404065,27818143439.088707,USD,26.637393577797145,1.4917,USD,-18.173340647284693,6.97732,Process industries,Neutral
ZS,"Zscaler, Inc.",181.21,USD,0.44343439942354157,486038,0.26177249967429106,27804614552.812317,USD,,-0.2442,USD,78.77813504823152,0,Technology services,Buy
BNTX,BioNTech SE,115.23,USD,1.1232996928477412,273730,0.5155940208949973,27318344009,USD,,-2.1542,USD,-118.71622443482946,0,Health technology,Buy
ERIC,Ericsson,8.035,USD,-0.3101736972704759,17346664,1.3963341136545413,26969469534.809998,USD,,-0.0336,USD,94.89516864175023,2.12385,Electronic technology,Neutral
ON,ON Semiconductor Corporation,61.82,USD,-1.950832672482152,4013512,0.605747034787706,26322796452.433945,USD,15.341473099066905,4.0296,USD,-18.730209950991267,0,Electronic technology,Buy
WBD,"Warner Bros. Discovery, Inc. - Series A",10.555,USD,-0.14191106906339232,17553081,0.7114607122045141,25893156239.476818,USD,,-4.5808,USD,-130.8405563394477,0,Consumer services,Buy
TROW,"T. Rowe Price Group, Inc.",113.3,USD,0.18569281103545293,522720,0.3597200773310081,25170667091.106197,USD,12.406649000240906,9.1322,USD,30.214452746249908,4.38589,Finance,Sell
ZM,"Zoom Communications, Inc.",81.41,USD,-0.24506800637177167,1024093,0.4113132851845958,24951753387.209408,USD,27.175618386353776,2.9957,USD,301.8916018245237,0,Technology services,Buy
LPLA,LPL Financial Holdings Inc.,326.8,USD,0.0888181066429881,378705,0.8880260171538943,24470646703.16376,USD,24.5843677123298,13.293,USD,-9.826613122049173,0.367523,Finance,Buy
LI,Li Auto Inc.,24.0037,USD,0.05710712796998769,3293088,0.679087875520353,24008115082.572517,USD,18.11189919263563,1.3253,USD,57.53001307500295,0,Consumer durables,Buy
EXPE,"Expedia Group, Inc.",184.43,USD,-1.0196962378575676,511980,0.32652439596048033,23670938828.527077,USD,23.775331305110093,7.7572,USD,39.2525042185761,0,Consumer services,Buy
HBAN,Huntington Bancshares Incorporated,16.23,USD,-0.24585125998770221,12365819,0.7755993621802983,23579129707.311,USD,15.760341813944455,1.0298,USD,-31.88702956544745,3.81069,Finance,Buy
GFS,GlobalFoundries Inc.,42.42,USD,-1.1419249592169538,617188,0.3956963657351828,23564532579.94454,USD,31.803868645973907,1.3338,USD,-47.54807503244327,0,Electronic technology,Buy
NTAP,"NetApp, Inc.",115.21,USD,-0.7494831150930432,760773,0.4711383460648829,23422933824.715626,USD,21.140613244765767,5.4497,USD,69.25059784465356,1.75741,Electronic technology,Buy
EXE,Expand Energy Corporation,100.84,USD,1.2958312405826282,2190169,0.918507958278297,23303783739.1992,USD,62.16249537664899,1.6222,USD,-95.59457727277665,2.3104,Energy minerals,Buy
TPG,TPG Inc.,63.6897,USD,1.3521642266072542,288697,0.2873181315548551,23244693342.364956,USD,,-0.3284,USD,-190.6194690265487,2.62572,Finance,Buy
CDW,CDW Corporation,169.17,USD,-2.7982073086646775,564061,0.5178535967698978,22544281615.938,USD,20.665265935354622,8.1862,USD,2.1079678690814583,1.42783,Technology services,Buy
CINF,Cincinnati Financial Corporation,142.49,USD,-0.8420320111342934,172133,0.22692400531488338,22273339444.81747,USD,7.322575671925588,19.459,USD,84.06863672480986,2.2547,Finance,Buy
BIIB,Biogen Inc.,150.85,USD,-1.3536489667800113,639028,0.3838561848205167,21981762944.266613,USD,13.627781341186886,11.0693,USD,10.056871283978602,0,Health technology,Buy
PTC,PTC Inc.,182.59,USD,-0.6961440147930609,405954,0.5142641496622511,21934368449.476803,USD,58.61449070655838,3.1151,USD,51.28454179010248,0,Technology services,Buy
SBAC,SBA Communications Corporation,201.07,USD,-1.3395485770363191,213690,0.20230718617013724,21913108965,USD,31.71801302982979,6.3393,USD,39.496963295484534,1.92345,Finance,Buy
VOD,Vodafone Group Plc,8.475,USD,-0.17667844522968867,4325766,0.5433389236881028,21802460255.870697,USD,8.275559027438726,1.0241,USD,-74.08653846153847,8.19755,Communications,Neutral
FOX,Fox Corporation,46.02,USD,0.6121556624398801,379418,0.3408192334374337,21650925064.188457,USD,11.245784663506184,4.0922,USD,100.8146039846894,1.15872,Consumer services,Buy
FOXA,Fox Corporation,48.77,USD,0.39110745162619354,1116545,0.2811036452197551,21603357270.651093,USD,11.917794829187235,4.0922,USD,100.8146039846894,1.09098,Consumer services,Buy
RYAAY,Ryanair Holdings plc,42.92,USD,-1.5370497820601092,380916,0.4309709484153177,21566834821.103996,USD,5.932027697538458,7.2353,USD,71.55830606534833,1.71155,Transportation,Buy
WDC,Western Digital Corporation,61.98,USD,3.940969310749613,3274209,0.584503752376314,21427009188.947845,USD,37.834208277377606,1.6382,USD,,0,Electronic technology,Buy
NTRA,"Natera, Inc.",159.8,USD,0.9475679090334806,443216,0.3971246418323989,21096926322.300697,USD,,-1.7738,USD,60.699251118890416,0,Health technology,Buy
ALAB,"Astera Labs, Inc.",131.78,USD,-0.5058512646281521,2537992,0.5298240748893869,20901738003.531296,USD,,-0.6026,USD,-54.394055854470935,0,Electronic technology,Strong buy
ILMN,"Illumina, Inc.",130.58,USD,-2.2824216119134797,802570,0.3084806957702779,20709989553.709503,USD,,-9.9963,USD,-40.393528271677766,0,Health technology,Buy
TER,"Teradyne, Inc.",126.225,USD,0.24221728081320887,853502,0.33853229400130114,20557188178.241737,USD,40.15173203549957,3.1437,USD,2.9641032359491692,0.381194,Electronic technology,Buy
NTRS,Northern Trust Corporation,102.9,USD,0.39024390243902995,481283,0.4229136431329861,20396682683.24195,USD,12.811254980079681,8.032,USD,52.47930746449997,2.92683,Finance,Neutral
ONC,"BeiGene, Ltd.",181.86,USD,,68643,,20379857506.754997,USD,,,,,0,Health technology,Strong buy
CHKP,Check Point Software Technologies Ltd.,184.945,USD,-0.9400107123727882,372469,0.6161445626878778,20340714202.47812,USD,25.30477376277587,7.3087,USD,2.0967786997457623,0,Technology services,Buy
ULTA,"Ulta Beauty, Inc.",428.43,USD,-1.4944933667486722,429371,0.5774758190885729,19867386772.19281,USD,17.140628125625124,24.995,USD,1.4020625248484793,0,Retail trade,Buy
FSLR,"First Solar, Inc.",184.595,USD,4.740694507489781,1178850,0.6785386320647363,19762322585.621597,USD,15.901572971762315,11.6086,USD,163.04269011148372,0,Electronic technology,Buy
ZBRA,Zebra Technologies Corporation,382.225,USD,-1.0343845476671338,175659,0.5326748093658629,19715176468.359158,USD,51.87424507688341,7.3683,USD,-17.877244407788424,0,Electronic technology,Buy
KSPI,Joint Stock Company Kaspi.kz - American Depository Shares,98.6,USD,4.107274838982157,144201,0.6122724534079604,19711297140.726,USD,8.963717851980471,10.9999,USD,23.162620924399853,7.6709,Finance,Buy
VRSN,"VeriSign, Inc.",204.89,USD,-1.0001932740626311,554163,0.7667851651617745,19689929325.70936,USD,23.83633677303768,8.5957,USD,22.575079143256435,0,Technology services,Buy
AFRM,"Affirm Holdings, Inc.",61.96,USD,1.740558292282434,3858099,0.5952082430246022,19458916216.45583,USD,,-1.4291,USD,53.03184671508857,0,Finance,Buy
ERIE,Erie Indemnity Company,409.06,USD,-0.768988186206733,35827,0.2462426466393621,19050075177.00755,USD,38.53893840327109,10.6142,USD,39.57237534188934,1.23717,Finance,Buy
SSNC,"SS&C Technologies Holdings, Inc.",75.3439,USD,-0.5754816574293958,243249,0.23088501508802997,18661562584.070545,USD,26.960531024117945,2.7946,USD,15.16999793941892,1.29322,Technology services,Buy
DOCU,"DocuSign, Inc.",90.4,USD,0.5114520791638959,966632,0.27059193567548945,18262893037.41161,USD,18.621513615951883,4.8546,USD,1844.1730076091308,0,Technology services,Neutral
STX,Seagate Technology Holdings PLC,85.95,USD,-0.41710114702815365,1109954,0.43414748225681093,18180960913.373306,USD,22.472938346493752,3.8246,USD,,3.26729,Electronic technology,Buy
MDB,"MongoDB, Inc.",243.9282,USD,4.775653966754006,1989685,0.8315225352162708,18165478321.253197,USD,,-2.7442,USD,-3.9824182486453785,0,Technology services,Buy
COO,"The Cooper Companies, Inc.",90.685,USD,-1.3542913086043777,489777,0.39267096299980714,18099150530.372944,USD,46.36721546170365,1.9558,USD,32.497798252150936,0,Health technology,Buy
CG,The Carlyle Group Inc.,50.54,USD,0.09902951079421105,1041820,0.5918949222037863,18077210667.78966,USD,170.39784221173298,0.2966,USD,-48.30951551063089,2.77283,Finance,Buy
PODD,Insulet Corporation,255.53,USD,-2.1220362354923936,239324,0.43870922800968254,17924094958.433563,USD,43.45157121480071,5.8808,USD,250.77840739636144,0,Health technology,Buy
DKNG,DraftKings Inc.,36.2733,USD,-2.491129032258075,4377139,0.5570375907623015,17687867902.971733,USD,,-0.8668,USD,60.376668495154505,0,Consumer services,Strong buy
PFG,Principal Financial Group Inc,77.33,USD,-0.10334582095336299,317037,0.2720081459077032,17687371636.287045,USD,,-0.9237,USD,-115.21696154986655,3.6817,Finance,Neutral
SMCI,"Super Micro Computer, Inc.",30.1454,USD,-1.097769028871397,17528084,0.43715630626898344,17652098319.4337,USD,15.146158870522031,1.9903,USD,73.94686243663693,0,Electronic technology,Neutral
ICLR,ICON plc,212.045,USD,1.1134423728005243,309069,0.4027241004578824,17506300967.86071,USD,23.612766004832906,8.9801,USD,44.65134260079574,0,Commercial services,Strong buy
JBHT,"J.B. Hunt Transport Services, Inc.",170.76,USD,0.058596038907766504,222816,0.3211949670575363,17217723665.822105,USD,31.016819849602207,5.5054,USD,-25.78823212239671,1.00785,Transportation,Buy
STLD,"Steel Dynamics, Inc.",112.9,USD,-1.0256859822915643,524943,0.3534814498380273,17188459903.18489,USD,10.218581707924152,11.0485,USD,-29.12403374282323,1.61304,Non-energy minerals,Neutral
TRMB,Trimble Inc.,69.505,USD,-1.6345881686951618,648915,0.5689612633050475,16973650888.571611,USD,11.617081731572789,5.983,USD,345.9268092718193,0,Technology services,Buy
GEN,Gen Digital Inc.,27.435,USD,0.20087655222790257,988862,0.2584106504505335,16908067408.2332,USD,27.963510345530526,0.9811,USD,-55.39643571558466,1.82615,Technology services,Buy
ZG,"Zillow Group, Inc.",69.685,USD,-1.644318983768514,319127,0.6932594208830044,16839688613.747566,USD,,-0.5702,USD,14.691801316576894,0,Technology services,Buy
Z,"Zillow Group, Inc.",72.77,USD,-1.7285617825793398,1186815,0.5504322795975124,16825265222.182713,USD,,-0.5702,USD,14.691801316576894,0,Technology services,Buy
CYBR,CyberArk Software Ltd.,338.15,USD,1.5008254539997,548651,1.3237986546089777,16667960439.227974,USD,1450.6649506649505,0.2331,USD,,0,Technology services,Strong buy
MANH,"Manhattan Associates, Inc.",268.44,USD,-0.666074600355244,129942,0.34482465800681994,16395047365.349913,USD,76.28303495311168,3.519,USD,32.96304692813422,0,Technology services,Buy
DLTR,"Dollar Tree, Inc.",76.13,USD,1.5879370162796873,1976518,0.6906759491177914,16370891835.289967,USD,,-4.7714,USD,-190.66793349168645,0,Retail trade,Buy
NTNX,"Nutanix, Inc.",60.86,USD,-0.5230467473030407,1197846,0.5701388557031972,16306113569.556393,USD,,-0.3588,USD,50.78864353312302,0,Technology services,Buy
HOLX,"Hologic, Inc.",71.7,USD,-0.5409904286308789,580707,0.2224718705965649,16271684872.471909,USD,21.591182847506623,3.3208,USD,81.56369600874797,0,Health technology,Buy
WMG,Warner Music Group Corp.,31.23,USD,0.7419354838709692,1061320,0.7838228742870176,16176956382.711292,USD,37.66280752532561,0.8292,USD,1.0972933430870528,2.25806,Commercial services,Buy
NWS,News Corporation,30.335,USD,-0.3121919158724905,172385,0.2792457634861198,16159206192.623234,USD,48.935312147120506,0.6199,USD,157.5405068550062,0.657246,Consumer services,Strong buy
NWSA,News Corporation,27.445,USD,-0.34495279593318395,785591,0.37251886953453534,16153895715.583696,USD,44.27326988223907,0.6199,USD,157.5405068550062,0.726216,Consumer services,Buy
MRNA,"Moderna, Inc.",41.87,USD,0.6974506974506954,3706321,0.4230767246314529,16112322416.832369,USD,,-5.8247,USD,37.61901191993403,0,Health technology,Neutral
UTHR,United Therapeutics Corporation,360.55,USD,2.1851264029021755,140375,0.4015285975603652,16096581449.13488,USD,15.834709437144262,22.7696,USD,25.441283413032473,0,Health technology,Buy
MBLY,Mobileye Global Inc.,19.6793,USD,-1.208333333333335,4212027,0.6594703327225944,15960859451.273333,USD,,-3.6467,USD,-4775.267379679144,0,Technology services,Buy
AZPN,"Aspen Technology, Inc.",249.44,USD,-0.07611264671714046,304746,0.6389535072665535,15777009894.399872,USD,,-0.5666,USD,72.08866995073892,0,Technology services,Buy
ALGN,"Align Technology, Inc.",208.095,USD,-0.19903122152414374,310830,0.42996232797979533,15534928301.537073,USD,35.479003631527796,5.8653,USD,24.399244946870567,0,Health technology,Buy
SOFI,"SoFi Technologies, Inc.",14.105,USD,-8.409090909090908,62634629,1.5426037958139447,15305995948.306818,USD,119.23076923076923,0.1183,USD,,0,Finance,Neutral
RPRX,Royalty Pharma plc,25.71,USD,0.7840062720501737,654725,0.19615588689364993,15149171985.308117,USD,10.056718169372187,2.5565,USD,538.8055972013995,3.29283,Health technology,Strong buy
LNT,Alliant Energy Corporation,58.71,USD,-0.7270882651335808,388090,0.29321011089460397,15064939618.70291,USD,22.79203385224582,2.5759,USD,-5.768949370793099,3.24653,Utilities,Neutral
FLEX,Flex Ltd.,38.64,USD,0.6512112529304506,897052,0.27174583609998676,14983952164.276115,USD,17.139815471965935,2.2544,USD,30.447864830459437,0,Electronic technology,Strong buy
FTAI,FTAI Aviation Ltd.,144.14,USD,0.06942515967786331,1131541,0.6842065514197815,14781510563.783949,USD,,-0.1037,USD,-108.54341736694677,0.833102,Electronic technology,Strong buy
VTRS,Viatris Inc.,12.37,USD,-0.6425702811244987,2849515,0.24791730548864707,14764743890.8249,USD,,-0.7388,USD,-148.98554568359634,3.85542,Health technology,Neutral
FFIV,"F5, Inc.",250.995,USD,-0.1888893307352743,199788,0.49268520019452094,14712037948.299816,USD,26.275595661823207,9.5524,USD,45.52046676721052,0,Technology services,Neutral
CASY,"Caseys General Stores, Inc.",395.04,USD,-0.3003306160563303,109893,0.45733679028170243,14662918824.858288,USD,27.535252009172844,14.3467,USD,11.058042142094097,0.469424,Retail trade,Buy
ENTG,"Entegris, Inc.",97.07,USD,-2.0088835049465064,592685,0.2900731064395559,14657372642.951647,USD,64.4597914868185,1.5059,USD,13.824640967498118,0.403796,Producer manufacturing,Buy
SYM,Symbotic Inc.,24.5173,USD,3.4048924504428424,894405,0.5284393177924358,14401934371.480616,USD,,-0.1205,USD,48.89737065309585,0,Producer manufacturing,Buy
AKAM,"Akamai Technologies, Inc.",95.26,USD,-0.4077365394668066,488212,0.35688233442970957,14310623271.06618,USD,28.219332286636845,3.3757,USD,1.8279991553799275,0,Technology services,Buy
DUOL,"Duolingo, Inc.",324.94,USD,0.21898035345278952,292644,0.6024512331821256,14292317418.865557,USD,179.19814702476148,1.8133,USD,,0,Technology services,Buy
MORN,"Morningstar, Inc.",332.87,USD,-1.155125311794746,40684,0.3232865827009416,14274856798.119493,USD,43.93511430230717,7.5764,USD,358.25923909756244,0.481055,Finance,Buy
EVRG,"Evergy, Inc.",61.45,USD,-0.16246953696181043,521465,0.2635631551076989,14132035211.707556,USD,16.598238884987307,3.7022,USD,25.205451655449956,4.21608,Utilities,Buy
SWKS,"Skyworks Solutions, Inc.",88.13,USD,-0.6202074875958631,1079128,0.4399762367624754,14093807311.833107,USD,23.84276168059952,3.6963,USD,-39.762393663831034,3.11231,Electronic technology,Neutral
BSY,"Bentley Systems, Incorporated",46.535,USD,-0.3533190578158592,526032,0.5791069810842799,14065201084.451283,USD,41.832973750449476,1.1124,USD,106.80423870607918,0.513919,Technology services,Buy
NBIX,"Neurocrine Biosciences, Inc.",137.445,USD,0.6923076923076873,464382,0.4014627851445059,13915882606.246923,USD,36.82088512644663,3.7328,USD,99.71109089936334,0,Health technology,Strong buy
GMAB,Genmab A/S,20.965,USD,0.45519885002395233,672324,0.6412184910015164,13610738824.5928,USD,20.19554956169926,1.0381,USD,10.04982508215838,0,Health technology,Buy
OKTA,"Okta, Inc.",79.05,USD,0.31725888324873097,1172744,0.35614178958619375,13545588812.295685,USD,,-0.3377,USD,88.22688606888858,0,Technology services,Buy
RIVN,"Rivian Automotive, Inc.",13.265,USD,-0.26315789473684315,24539940,0.8058758360939284,13539193832.423685,USD,,-5.5983,USD,7.032780896077581,0,Consumer durables,Buy
REG,Regency Centers Corporation,72.04,USD,-2.5564723386987698,426072,0.3284415123702085,13499769269,USD,33.95230464699784,2.1218,USD,-0.333505566254868,3.67239,Finance,Buy
INCY,Incyte Corporation,69.655,USD,0.8469668452294888,477244,0.2611162225546849,13419053333.677141,USD,493.30736543909353,0.1412,USD,-92.49774188406568,0,Health technology,Buy
SMMT,Summit Therapeutics Inc.,18.18,USD,1.8772765480526805,1426540,0.6013178967505634,13406806307.731018,USD,,-0.2768,USD,82.44657238886424,0,Health technology,Strong buy
LINE,"Lineage, Inc.",58.035,USD,-0.9134369130954476,418252,0.3462638782229914,13378074834,USD,,,,,1.54943,Finance,Buy
GLPI,"Gaming and Leisure Properties, Inc.",47.66,USD,-1.0382059800664452,523035,0.3896700393592555,13214698020,USD,16.649781659388648,2.8625,USD,4.818924164194943,6.31229,Finance,Buy
SFM,"Sprouts Farmers Market, Inc.",131.615,USD,3.5767687101597674,994541,0.7322622938604639,13160354241.034904,USD,38.07753507883697,3.4565,USD,41.950718685831625,0,Retail trade,Neutral
EWBC,"East West Bancorp, Inc.",94.54,USD,-1.2740183792815358,276665,0.24720333165382977,13105998727.370928,USD,11.927380997438906,7.9263,USD,-10.591858143548432,2.29741,Finance,Buy
BMRN,BioMarin Pharmaceutical Inc.,66.495,USD,1.1638521223185767,358823,0.2632897397106024,12672818766.092651,USD,40.037933526011564,1.6608,USD,117.46759198638208,0,Health technology,Buy
MMYT,MakeMyTrip Limited,115.155,USD,2.5605628785179904,328087,0.8598832703487344,12642002412.162853,USD,63.40436075322101,1.8162,USD,671.2101910828026,0,Technology services,Strong buy
POOL,Pool Corporation,332.191,USD,-2.5661406699126017,225831,0.600085137681768,12641703571.235428,USD,28.555182106538986,11.6333,USD,-15.830638217823218,1.37854,Distribution services,Neutral
JKHY,"Jack Henry & Associates, Inc.",172.88,USD,-1.3804905875641846,153240,0.3092737938897234,12613208791.898687,USD,31.622462044997256,5.467,USD,10.404297427198173,1.25499,Technology services,Neutral
CPB,The Campbell's Company,41.92,USD,0.09551098376313072,870309,0.29166384880902985,12496740201.421202,USD,22.827270747113918,1.8364,USD,-30.707116444041954,3.53391,Consumer non-durables,Neutral
INSM,Insmed Incorporated,69.67,USD,0.912514484356888,507570,0.278724915196941,12464153031.383402,USD,,-5.5556,USD,-5.413354078515461,0,Health technology,Strong buy
LAMR,Lamar Advertising Company,120.8,USD,-0.7721373418761276,212350,0.3764949428936868,12461039115,USD,24.18273176786179,4.9953,USD,23.584858980702634,4.43568,Finance,Neutral
RKLB,"Rocket Lab USA, Inc.",24.565,USD,-3.553199842952484,11199099,0.6862964383306881,12280315147.234983,USD,,-0.3826,USD,-8.140192198982474,0,Electronic technology,Buy
HST,"Host Hotels & Resorts, Inc.",17.21,USD,-1.7694063926940566,2791067,0.3842090009349366,12246992532,USD,16.844474894783204,1.0217,USD,-3.3030475108839608,4.56621,Finance,Buy
TXRH,"Texas Roadhouse, Inc.",181.91,USD,0.8202627057584603,458532,0.7270567372287958,12135956559.296404,USD,31.25762496348609,5.8197,USD,33.80773917641918,1.35233,Consumer services,Buy
CHRW,"C.H. Robinson Worldwide, Inc.",102.53,USD,-0.7646147890050253,285496,0.32710185074643283,12119578358.147503,USD,35.4676906046769,2.8908,USD,-11.13980081150867,2.38095,Transportation,Neutral
PAA,"Plains All American Pipeline, L.P.",17.175,USD,0.5562060889929885,2161411,0.5549429065658213,12085516178.101582,USD,15.28296849973305,1.1238,USD,-16.34035584009529,7.4356,Industrial services,Neutral
LOGI,Logitech International S.A. - Registered Shares,81.61,USD,-0.8986035215543351,133180,0.42190122924113216,12055755640,USD,17.441848273024622,4.678976604,USD,96.19842882891984,1.54584,Electronic technology,Neutral
WIX,Wix.com Ltd.,214.87,USD,0.1491493824283352,393799,0.8562385332670606,11956612728.527195,USD,135.69308493842755,1.5835,USD,,0,Technology services,Buy
SRPT,"Sarepta Therapeutics, Inc.",124.555,USD,2.4385229048441515,282071,0.408648180039258,11897449110.949501,USD,103.46818408373484,1.2038,USD,,0,Health technology,Strong buy
SAIA,"Saia, Inc.",447.025,USD,-1.910122221490804,138486,0.354294237211819,11888663106.86969,USD,31.922604510333205,14.0034,USD,11.244925682599956,0,Transportation,Buy
NDSN,Nordson Corporation,205.08,USD,-1.9881475817243337,111478,0.23141884843599528,11692846825.510609,USD,25.286676037582303,8.1102,USD,-4.132485401546122,1.34773,Producer manufacturing,Buy
MNDY,monday.com Ltd.,233.335,USD,-0.8940706761807635,322694,0.25583536676152385,11633799420.178965,USD,569.9438202247192,0.4094,USD,,0,Technology services,Buy
ESLT,Elbit Systems Ltd.,259.96,USD,0.7323594373619507,16043,0.2752844560287862,11572809590.403425,USD,44.618466686392324,5.82628717,USD,2.1027420024689305,0.77968,Electronic technology,Neutral
CRDO,Credo Technology Group Holding Ltd,69.155,USD,2.8939145960422668,2094896,0.6325813887309286,11565416998.1842,USD,,-0.1446,USD,31.760264275601696,0,Technology services,Strong buy
TECH,Bio-Techne Corp,71.07,USD,-1.3327780091628598,309137,0.43000984272231113,11292440029.65223,USD,75.74336566130235,0.9383,USD,-38.447913933350826,0.444259,Health technology,Buy
PPC,Pilgrim's Pride Corporation,47.23,USD,4.053756333994263,552845,0.4006342956638998,11199322074.47852,USD,11.395275894515887,4.1447,USD,3032.804232804233,0,Process industries,Neutral
COKE,"Coca-Cola Consolidated, Inc.",1273.455,USD,1.068659275073605,18269,0.5336429625085806,11156330231.146599,USD,24.60906248429873,51.7474,USD,9.967719930552162,0.317463,Consumer non-durables,
CART,Maplebear Inc.,43.3,USD,4.538870111057449,1251465,0.43178258498816097,11123543282.370832,USD,27.267002518891683,1.588,USD,,0,Transportation,Buy
AAL,"American Airlines Group, Inc.",16.915,USD,-2.9546758462421145,13822266,0.6974738429635223,11115370745.63425,USD,52.53105590062111,0.322,USD,-85.23071277864416,0,Transportation,Buy
PCTY,Paylocity Holding Corporation,195.12,USD,-2.1807790645209777,118458,0.391264927425175,10877309624.572718,USD,49.965429822539754,3.9051,USD,52.584691126479896,0,Technology services,Buy
ROKU,"Roku, Inc.",74.58,USD,0.3228410008070956,1214717,0.53098373731522,10828958009.384987,USD,,-1.1988,USD,80.56231150890164,0,Consumer durables,Buy
LBRDK,Liberty Broadband Corporation,75.67,USD,1.217228464419471,176722,0.21244988904571865,10805489759.28745,USD,13.844014709379973,5.4659,USD,21.467143714304765,0,Communications,Buy
LBRDA,Liberty Broadband Corporation,75.22,USD,1.1565357719203866,59515,0.45819327957527334,10799010484.195536,USD,13.761686090122394,5.4659,USD,21.467143714304765,0,Communications,Buy
NICE,NICE Ltd,169.085,USD,-0.44453603391426955,115609,0.39078534980002544,10760468402.158049,USD,26.158356410216744,6.4639,USD,31.033853638759375,0,Technology services,Strong buy
TLN,Talen Energy Corporation,210.5,USD,4.482056881917904,409572,0.7208892466984411,10705064857.5,USD,11.268555644181303,18.6803,USD,1283.7259259259258,0,Utilities,Strong buy
TTEK,"Tetra Tech, Inc.",39.9,USD,0.15060240963854207,530566,0.3195384571651304,10682870704.224398,USD,32.32601474519971,1.2343,USD,20.99794137829624,0.567269,Industrial services,Buy
GGAL,Grupo Financiero Galicia S.A.,68.4,USD,9.756097560975618,951635,0.9759243918182066,10656862525.575981,USD,7.508562395714412,9.1096,USD,97.65236824404955,4.0278,Finance,Strong buy
SEIC,SEI Investments Company,81.9935,USD,-0.5898399612027238,238463,0.32445521503561464,10569671465.350315,USD,19.794674327651972,4.1422,USD,22.881129668634493,1.15179,Finance,Neutral
AUR,"Aurora Innovation, Inc.",6.115,USD,-2.93650793650793,5122493,0.5268307584138433,10508168488.687302,USD,,-0.4762,USD,35.47425474254742,0,Technology services,Neutral
HTHT,H World Group Limited,32.695,USD,-1.0142294883439322,1416759,1.2630029191295475,10483167967.95324,USD,20.440762738355737,1.5995,USD,17.826887661141804,1.84681,Consumer services,Strong buy
LECO,"Lincoln Electric Holdings, Inc.",185.655,USD,-0.9681549047847644,90768,0.25455749853395543,10475732735.81909,USD,22.142380077761608,8.3846,USD,-1.7575516134323645,1.53625,Producer manufacturing,Buy
EXAS,Exact Sciences Corporation,56.48,USD,0.5161060686954959,805032,0.5255101194864593,10453108826.93433,USD,,-1.172,USD,25.818089752515988,0,Health technology,Strong buy
MEDP,"Medpace Holdings, Inc.",334.685,USD,0.7389459109652903,100671,0.3987003456266369,10402546341.670258,USD,29.302555661591533,11.4217,USD,33.831317960254964,0,Commercial services,Buy
PCVX,"Vaxcyte, Inc.",83.365,USD,1.8385047642316095,392755,0.32275844137145976,10390325507.017101,USD,,-4.678,USD,-40.17739422270166,0,Health technology,Strong buy
WWD,"Woodward, Inc.",170.79,USD,2.62588631174138,262930,0.7693709990469549,10145351586.471758,USD,28.418582981130818,6.0098,USD,59.33928997534269,0.600889,Producer manufacturing,Buy
DSGX,The Descartes Systems Group Inc.,113.5,USD,-0.0880281690140795,51069,0.23213508917625658,9708725662.031822,USD,73.54509274483298,1.54327088,USD,20.98993735150934,0,Technology services,Buy
EXEL,"Exelixis, Inc.",33.8,USD,1.5015015015015016,1006705,0.4324964730682815,9652571348.996996,USD,21.539638032118276,1.5692,USD,459.2302209550962,0,Health technology,Buy
CHDN,"Churchill Downs, Incorporated",131.26,USD,-1.7073536019170295,217813,0.46600495630234084,9647181902.105438,USD,23.889778683750727,5.4944,USD,16.723317471108075,0.306275,Consumer services,Strong buy
ENPH,"Enphase Energy, Inc.",70.89,USD,3.2178217821782082,1890312,0.6000373485405739,9577708931.131187,USD,161.6647662485747,0.4385,USD,-88.95688526241564,0,Electronic technology,Buy
AAON,"AAON, Inc.",117.355,USD,-0.2761726716519398,173183,0.3885994550995669,9538570409.825289,USD,51.36785432898538,2.2846,USD,11.918875226571306,0.271924,Producer manufacturing,Buy
DOX,Amdocs Limited,84.055,USD,-1.2743716232088251,304402,0.3988883092553928,9483031138.546041,USD,19.82195495814173,4.2405,USD,-5.4029937314564975,2.25041,Technology services,Buy
LKQ,LKQ Corporation,36.165,USD,-1.59183673469388,731865,0.307828513610549,9401450883.703266,USD,13.392460376240557,2.7004,USD,-23.953815826527737,3.26531,Consumer durables,Buy
APPF,"AppFolio, Inc.",248.005,USD,0.5208333333333319,86787,0.5196328495473488,9374311221.734375,USD,69.14958873553604,3.5865,USD,,0,Technology services,Buy
VNOM,"Viper Energy, Inc.",49.73,USD,1.3450173221927788,322040,0.3459490211825561,9369559388.15325,USD,21.282150040655623,2.3367,USD,1.622162303209538,4.89097,Energy minerals,Strong buy
MTSI,"MACOM Technology Solutions Holdings, Inc.",129.28,USD,-0.48495112000615465,348623,0.5728711951398224,9359827089.853592,USD,124.1763519354529,1.0411,USD,-18.70851877879285,0,Electronic technology,Buy
ALTR,Altair Engineering Inc.,109.25,USD,0.1283108789295212,428187,0.48746065588103504,9345703139.088993,USD,290.7905243545382,0.3757,USD,,0,Technology services,Neutral
WYNN,"Wynn Resorts, Limited",84.06,USD,-2.4373259052924725,1080120,0.6488631588495853,9231046932.160864,USD,10.156957987457861,8.2761,USD,11981.897810218976,1.16063,Consumer services,Strong buy
CFLT,"Confluent, Inc.",28.04,USD,0.28612303290414265,1749236,0.5398204100254672,9196976914.768238,USD,,-1.1104,USD,28.092216034192457,0,Technology services,Buy
DBX,"Dropbox, Inc.",29.53,USD,-1.697736351531285,1511936,0.4599568833012308,9146332317.437752,USD,17.09010938132994,1.7279,USD,9.319245856004049,0,Technology services,Neutral
GTLB,GitLab Inc.,56.16,USD,-0.3371783496007184,1050939,0.38284056355070517,9114767581.416147,USD,,-0.324,USD,88.2952205483906,0,Technology services,Strong buy
MASI,Masimo Corporation,168.38,USD,1.8632788868723433,158145,0.3444107221725196,9015160583.755716,USD,115.56623198352779,1.457,USD,-10.766780989710924,0,Health technology,Buy
GLBE,Global-E Online Ltd.,53.74,USD,-1.4487438107463766,499205,0.5397982610711601,8974159955.821383,USD,,-0.5952,USD,30.726256983240223,0,Retail trade,Strong buy
BRKR,Bruker Corporation,59,USD,0.6482429205049515,629826,0.4327290720783646,8944295765.660187,USD,28.40909090909091,2.0768,USD,-3.9185750636132415,0.34118,Health technology,Buy
ITCI,Intra-Cellular Therapies Inc.,84.06,USD,0.6465517241379386,258083,0.46900671790522463,8911797496.452587,USD,,-0.8595,USD,47.13697029337597,0,Health technology,Strong buy
RGLD,"Royal Gold, Inc.",133.885,USD,1.543420553659459,143170,0.3349447740005933,8803854387.331818,USD,30.63589767058716,4.3702,USD,23.253518346165766,1.2135,Non-energy minerals,Buy
PNFP,"Pinnacle Financial Partners, Inc.",113.89,USD,-0.43710114520500043,179588,0.37972545030391697,8797449825.352829,USD,21.63399437732695,5.2644,USD,-32.05296987531944,0.769298,Finance,Buy
ROIV,Roivant Sciences Ltd.,12.03,USD,1.6906170752324539,2934600,0.5133689525247603,8757235653.679626,USD,2.127095268406535,5.6556,USD,,0,Health technology,Strong buy
FYBR,"Frontier Communications Parent, Inc.",34.81,USD,0.31700288184437875,1401864,0.5652017409579914,8668212319.535736,USD,,-0.7516,USD,-210.5131598294369,0,Communications,Neutral
APA,APA Corporation,23.375,USD,1.2343005630142925,2804295,0.39362184098539177,8647521671.589432,USD,3.3090785543396706,7.0639,USD,44.909430323917384,4.33088,Energy minerals,Neutral
DRS,"Leonardo DRS, Inc.",32.43,USD,0.37140204271122695,178580,0.25362049721717617,8574397157.054783,USD,43.676767676767675,0.7425,USD,16.10633307271307,0,Electronic technology,Buy
HSIC,"Henry Schein, Inc.",68.47,USD,-1.0549132947976936,465446,0.3990924844438766,8536928049.981358,USD,28.03964126295098,2.4419,USD,-27.31142465916533,0,Distribution services,Neutral
WING,Wingstop Inc.,291.2,USD,2.4630541871921183,233293,0.5022354777903215,8506617491.389161,USD,85.1063829787234,3.4216,USD,48.69410282039026,0.344828,Consumer services,Buy
MKTX,"MarketAxess Holdings, Inc.",225.41,USD,-0.27871173243673486,114079,0.295903971471785,8498940611.896169,USD,30.514417219439558,7.387,USD,12.148539503248912,1.3095,Finance,Neutral
HQY,"HealthEquity, Inc.",96.79,USD,0.8754559666493,242553,0.2977836478469238,8388079206.394059,USD,88.29593139937968,1.0962,USD,226.24999999999997,0,Finance,Strong buy
CBSH,"Commerce Bancshares, Inc.",61.77,USD,-0.8666345690900323,154591,0.2841587006610843,8316646025.747714,USD,16.880277648730633,3.6593,USD,1.205852255441549,1.65072,Finance,Neutral
WTFC,Wintrust Financial Corporation,124.22,USD,-0.3929115548071485,244555,0.5020123190134279,8259661365.888061,USD,13.014961652906416,9.5444,USD,-3.9557232704402563,1.44335,Finance,Strong buy
HLNE,Hamilton Lane Incorporated,148.95,USD,0.6079027355622946,116697,0.197142025982872,8256919232.6504545,USD,32.70176517080881,4.5548,USD,49.401384196542786,1.29348,Finance,Neutral
ASND,Ascendis Pharma A/S,138.305,USD,0.46124791167285495,107301,0.3217933650005443,8227216086,USD,,-8.0979,USD,28.885317596227317,0,Health technology,Strong buy
MTCH,"Match Group, Inc.",32.7,USD,-0.0305716906144849,1154080,0.27280308455077845,8210675582.036076,USD,14.584541278265911,2.2421,USD,27.536973833902174,0,Technology services,Buy
VERX,"Vertex, Inc.",52.56,USD,-1.4807872539831286,363094,0.4130594468461293,8197255431.592126,USD,280.0213106020245,0.1877,USD,,0,Technology services,Buy
AGNC,AGNC Investment Corp.,9.255,USD,0.4885993485342011,14619214,0.7372765537933917,8156742882,USD,6.4783704325913485,1.4286,USD,289.4765539803708,15.6352,Finance,Buy
FSV,FirstService Corporation,179.37,USD,-0.9115014915478984,34812,0.3227639841677646,8095313605.099237,USD,74.37135217007061,2.41181577,USD,-17.90743568740782,0.529384,Finance,Buy
FRHC,Freedom Holding Corp.,132.57,USD,1.4385186318769572,47544,0.6217250699937623,8035388554.091973,USD,23.359117579687418,5.6753,USD,17.686214333112144,0,Finance,
RVMD,"Revolution Medicines, Inc.",44.035,USD,0.6744398719707237,394708,0.3140811660951996,8029774763.84865,USD,,-3.5919,USD,-10.039213283499775,0,Health technology,Strong buy
ZION,Zions Bancorporation N.A.,54.065,USD,-0.3410138248847968,447989,0.27912927223915834,7986006685.749309,USD,12.30623904581977,4.3933,USD,-18.94280442804428,3.05991,Finance,Neutral
PEGA,Pegasystems Inc.,93.075,USD,-0.13412017167381973,354234,0.986322287045697,7981535331.467544,USD,67.7993881118881,1.3728,USD,,0.128755,Technology services,Buy
RGEN,Repligen Corporation,142.16,USD,-1.2366263720994868,153693,0.3163537428184224,7964759470.43935,USD,,-0.1471,USD,-108.32296028063824,0,Health technology,Buy
WBA,"Walgreens Boots Alliance, Inc.",9.1,USD,-2.4651661307609904,11790683,0.6289185516897043,7857737741.3076105,USD,,-10.0087,USD,-180.6623482235495,10.7181,Retail trade,Neutral
HAS,"Hasbro, Inc.",55.9,USD,-0.017885888034337348,669897,0.3709776653721063,7798129304.813093,USD,,-4.6436,USD,-15.59007293455805,3.75604,Consumer durables,Buy
LSCC,Lattice Semiconductor Corporation,55.8275,USD,-1.451897616946157,514967,0.2435111354375147,7702586896.007238,USD,54.09641472868217,1.032,USD,-32.015810276679844,0,Electronic technology,Buy
TTAN,"ServiceTitan, Inc.",101,USD,-1.817828327014683,242282,0.6681938176310369,7614649469,USD,,-2.0584,USD,25.799358350456004,0,Technology services,Buy
ENSG,"The Ensign Group, Inc.",132.35,USD,-0.3838627126298504,117555,0.33492750716267067,7583083919.611996,USD,32.03437008350478,4.1315,USD,-5.373216371590214,0.182523,Health services,Buy
SIRI,SiriusXM Holdings Inc.,22.2,USD,-2.631578947368427,3290498,0.4661360819848091,7530285410.68421,USD,,-4.8276,USD,-248.08588957055218,4.68421,Consumer services,Neutral
LNW,"Light & Wonder, Inc.",85.19,USD,-1.3776337115072907,222974,0.36499795135335905,7522948417.124798,USD,26.504262335884512,3.2142,USD,131.5372424722662,0,Consumer services,Buy
OTEX,Open Text Corporation,28.28,USD,-0.14124293785310432,325178,0.4100292991555246,7519095224.639134,USD,16.258217471112687,1.7394280800000002,USD,35.510511835834905,3.44444,Technology services,Buy
BILI,Bilibili Inc.,17.045,USD,-5.880728879072324,4793232,1.3458351520742575,7501688235.186999,USD,,-0.9116,USD,47.678356195833096,0,Technology services,Buy
PARA,Paramount Global,10.4862,USD,0.25047801147226895,5740953,0.6251386591982475,7477162245.371931,USD,,-8.8875,USD,-399.43804439449275,1.91205,Consumer services,Neutral
JAZZ,Jazz Pharmaceuticals plc,123.005,USD,-0.11774259033699572,240977,0.35601550780191593,7436217384.811246,USD,17.716660185225194,6.9429,USD,1051.9661523145842,0,Health technology,Strong buy
CCCS,CCC Intelligent Solutions Holdings Inc.,11.665,USD,-0.5541346973572147,1001162,0.269237901960122,7296484269.832479,USD,156.57718120805367,0.0745,USD,,0,Technology services,Buy
CHRD,Chord Energy Corporation,119.33,USD,2.061238453643514,312632,0.34769506549310647,7294699359.256499,USD,6.146911863184464,19.413,USD,-23.20412046505556,4.27643,Energy minerals,Strong buy
PARAA,Paramount Global,21.8,USD,-2.242152466367713,130621,2.9327660338808,7291249889.93722,USD,,-8.8875,USD,-399.43804439449275,0.896861,Consumer services,Neutral
DJT,Trump Media & Technology Group Corp.,33.54,USD,-1.642228739002939,4378710,0.5369310595558029,7275645852.350146,USD,,-3.8548,USD,-461.1879458436454,0,Commercial services,
MIDD,The Middleby Corporation,134.67,USD,-0.5758582502768559,276772,0.48234546783791343,7244324110.524695,USD,18.55393136133805,7.2583,USD,-13.998127895541309,0,Producer manufacturing,Buy
OLED,Universal Display Corporation,150.06,USD,2.6402188782489837,266166,0.4470946557468913,7122058542.072229,USD,30.12950506977211,4.9805,USD,15.524679903507138,1.09439,Electronic technology,Buy
FRPT,"Freshpet, Inc.",146.56,USD,-1.0465194787657899,230458,0.47016211410353737,7113550139.566538,USD,166.583314389634,0.8798,USD,,0,Consumer non-durables,Buy
MKSI,"MKS Instruments, Inc.",105.65,USD,1.2070121659162805,275728,0.3892328543540315,7110132434.524858,USD,227.69396551724137,0.464,USD,,0.842993,Producer manufacturing,Buy
SOUN,"SoundHound AI, Inc.",19.165,USD,-3.402217741935488,49924474,0.5087901660424571,7086262810.004787,USD,,-0.3624,USD,22.464698331193837,0,Technology services,Buy
EXLS,"ExlService Holdings, Inc.",44.005,USD,-0.8449752140603876,212859,0.24612549406577613,7079631547.911333,USD,38.48946033412053,1.1433,USD,9.53247748610844,0,Technology services,Buy
HCP,"HashiCorp, Inc.",34.195,USD,-0.04384682841274647,2071081,0.7942688919249353,6991077574.5564165,USD,,-0.6109,USD,43.835616438356155,0,Technology services,Neutral
CZR,"Caesars Entertainment, Inc.",32.46,USD,-2.8725314183123904,2712311,0.5507497724255045,6897112666.062836,USD,,-1.6715,USD,-150.6407731693277,0,Consumer services,Buy
SPSC,"SPS Commerce, Inc.",182.7,USD,-0.7011250611446385,76629,0.39845586587414705,6863685100.795694,USD,87.89147063068263,2.0787,USD,23.555634807417984,0,Technology services,Buy
MDGL,"Madrigal Pharmaceuticals, Inc.",313.91,USD,1.7305635674239337,128696,0.3849240282310322,6846504625.365267,USD,,-25.0734,USD,-30.310322067635763,0,Health technology,Strong buy
BOKF,BOK Financial Corporation,106.435,USD,-0.01409112259276709,60743,0.427242578662137,6824443393.790042,USD,14.570157426420261,7.305,USD,-21.00738562020827,2.08549,Finance,Buy
CIGI,Colliers International Group Inc. - Subordinate Voting Shares,133.71,USD,-1.6621313525042223,38658,0.36541170020700803,6744378855.811695,USD,42.3237778597253,3.159217035,USD,751.7228260513518,0.215359,Finance,Buy
UFPI,"UFP Industries, Inc.",111.05,USD,-1.4203284509542906,117965,0.2705964959284936,6743473893.233466,USD,15.34730092042345,7.2358,USD,-14.954984603088786,1.17177,Non-energy minerals,Buy
STEP,StepStone Group Inc.,58.55,USD,1.1575673807878275,209185,0.36745447857597313,6742810513.978058,USD,94.40503063527895,0.6202,USD,-42.60595965204516,1.55494,Finance,Buy
ONB,Old National Bancorp,21.105,USD,-2.7643400138216907,1127321,0.43922152989311836,6731903716.75812,USD,12.802547770700636,1.6485,USD,-24.01474994238304,2.58005,Finance,Buy
OS,"OneStream, Inc.",28.0074,USD,-1.7973352033660555,958759,0.8539638827660884,6688460000,USD,,-0.7762,USD,-364.23444976076553,0,Technology services,Strong buy
CVLT,"Commvault Systems, Inc.",151.94,USD,0.6825260088794654,134139,0.38220638500841697,6643722489.662714,USD,38.492133863653635,3.9473,USD,,0,Technology services,Buy
OLLI,"Ollie's Bargain Outlet Holdings, Inc.",108.16,USD,-1.430784653239777,542556,0.471569960765083,6627707366.033718,USD,32.19526715285012,3.3595,USD,32.211727666273134,0,Retail trade,Buy
BPOP,"Popular, Inc.",92.7,USD,-1.4458856049330209,122714,0.23178096836371295,6610078029.450352,USD,12.589122020778163,7.3635,USD,-24.65080583269379,2.72167,Finance,Buy
CWST,"Casella Waste Systems, Inc.",103.84,USD,-1.861827804555334,97131,0.30419476281790503,6574468985.104621,USD,894.4013781223084,0.1161,USD,-82.06949806949807,0,Industrial services,Buy
QRVO,"Qorvo, Inc.",69.305,USD,-0.8937508937508937,945636,0.1717771137290138,6551172643.208065,USD,,-1.4579,USD,-43.663776113519916,0,Electronic technology,Neutral
CROX,"Crocs, Inc.",110.088,USD,0.5094494658997468,549239,0.43582247636870436,6416166126.742482,USD,7.988563715921543,13.7807,USD,26.922155909224877,0,Consumer non-durables,Buy
GNTX,Gentex Corporation,28.195,USD,-1.8621649843369306,664437,0.46214419347878793,6412436295.717716,USD,15.063040923175555,1.8718,USD,10.528491290227333,1.67073,Producer manufacturing,Buy
AMKR,"Amkor Technology, Inc.",25.97,USD,1.0899182561307807,649504,0.5080572534367183,6405008702.60218,USD,17.575798592311855,1.4776,USD,-10.25812329183116,1.24149,Electronic technology,Buy
XP,XP Inc.,11.81,USD,-0.3375527426160266,2683876,0.39551307120569246,6379193182.562025,USD,7.6938110749185675,1.535,USD,16.111951588502258,0.00548523,Finance,Buy
CELH,"Celsius Holdings, Inc.",26.99,USD,2.4677296886864033,3701154,0.4626507791591209,6343498828.327258,USD,37.44970167892327,0.7207,USD,46.364744110479286,0,Consumer non-durables,Buy
QXO,"QXO, Inc.",15.375,USD,-3.3018867924528323,639629,0.31284282884350534,6294988801.863208,USD,,-0.0662,USD,97.11747801097275,0,Commercial services,
BECN,"Beacon Roofing Supply, Inc.",100.33,USD,-1.2305571962984838,232901,0.4018562261566042,6209221670.067828,USD,17.158346587313805,5.8473,USD,,0,Distribution services,Buy
ASTS,"AST SpaceMobile, Inc.",21.415,USD,1.4928909952606526,3368609,0.534022658156548,6204674590.610425,USD,,-2.1357,USD,-154.97851002865326,0,Communications,Strong buy
QFIN,"Qifu Technology, Inc",38.53,USD,0.3908285565398608,427827,0.38968935029276774,6196588006.670759,USD,7.867600514569252,4.8973,USD,40.60983663039423,3.02241,Finance,Strong buy
WSC,WillScot Holdings Corporation,33.35,USD,-0.29895366218236596,772015,0.3854210433404532,6161730690.904335,USD,290.50522648083626,0.1148,USD,-92.09366391184572,0,Finance,Buy
CGNX,Cognex Corporation,35.765,USD,-0.2649191299498016,396038,0.3210021178433224,6134243880.688231,USD,69.36578743211793,0.5156,USD,-43.20334875523244,0.85053,Electronic technology,Buy
SATS,EchoStar Corporation,22.53,USD,-1.6157205240174561,507517,0.3344597163850248,6124574358.370743,USD,,-8.4779,USD,-860.2815890951484,0,Communications,Neutral
HALO,"Halozyme Therapeutics, Inc.",48.11,USD,0.6274837900020857,550885,0.3688192801929883,6120891019.3074665,USD,15.91939379901393,3.0221,USD,61.29049474302184,0,Health technology,Buy
BZ,KANZHUN LIMITED - American Depository Shares,13.675,USD,-0.9057971014492754,972219,0.3281771063169415,6116762831.76236,USD,30.613387060667115,0.4467,USD,149.41373534338356,0,Technology services,Strong buy
WAY,Waystar Holding Corp.,35.52,USD,-3.21525885558583,844718,0.6455591338518891,6112499131.448501,USD,,-0.3175,USD,-17.505551443375282,0,Technology services,Strong buy
LLYVA,Liberty Media Corporation - Series A Liberty Live,66.7,USD,0.21033653846153932,57439,0.5648280263420554,6106100000,USD,,-0.8839,USD,,0,Consumer services,Strong buy
LNTH,"Lantheus Holdings, Inc.",87.62,USD,-2.0567851553766925,368197,0.43166050433645314,6091941677.313214,USD,14.55917051610116,6.0182,USD,321.44257703081234,0,Health technology,Strong buy
LSTR,"Landstar System, Inc.",170.38,USD,-0.8611660654020821,71746,0.23520448523079354,6019725267.854764,USD,29.247274912024718,5.8255,USD,-30.120554189408015,0.802979,Transportation,Neutral
COOP,Mr. Cooper Group Inc.,93.95,USD,-2.1456098323091366,345994,0.7067259210115916,6011270163.056453,USD,12.131973140495868,7.744,USD,16.05497025192201,0,Finance,Buy
ETSY,"Etsy, Inc.",53.355,USD,0.8791832104367484,1488167,0.3315952827486236,6002036877.490925,USD,27.227495407225963,1.9596,USD,-17.929388114084688,0,Retail trade,Neutral
LEGN,Legend Biotech Corporation,34.14,USD,4.917025199754153,512413,0.40733826223444486,5969479552,USD,,-1.9074,USD,35.991140642303435,0,Health technology,Strong buy
MAT,"Mattel, Inc.",17.67,USD,-0.3384094754653058,574904,0.1767537452840375,5953022738.886633,USD,11.102035687358635,1.5916,USD,591.0985670864089,0,Consumer durables,Buy
NVMI,Nova Ltd.,204.175,USD,3.66844376745368,101338,0.7805377760319184,5930536959.85174,USD,38.336963460888505,5.3258,USD,26.320533194184204,0,Electronic technology,Buy
CSWI,"CSW Industrials, Inc.",350.48,USD,-0.6575963718820842,18780,0.18765081760000799,5893709574.159864,USD,47.58788306697987,7.3649,USD,10.817032801685219,0.24093,Process industries,Buy
GRFS,"Grifols, S.A.",7.49,USD,0.6720430107526858,308625,0.3705366318907514,5872996802.846399,USD,,,,,0,Health technology,Neutral
LITE,Lumentum Holdings Inc.,85.08,USD,1.3460393091125615,735265,0.5649923077319109,5844995527.727457,USD,,-8.2868,USD,-182.209508241384,0,Producer manufacturing,Buy
LFUS,"Littelfuse, Inc.",234.62,USD,-0.4370889030341613,75992,0.6373526281402357,5822021884.300615,USD,30.185523505648046,7.7726,USD,-37.15098931843359,1.14577,Electronic technology,Buy
MARA,"MARA Holdings, Inc.",17.125,USD,2.1168753726893286,31401821,0.8035599500377446,5811916712.216756,USD,15.856481481481481,1.08,USD,,0,Technology services,Buy
SLM,SLM Corporation,27.34,USD,-0.8701957940536565,1354002,0.3897517771316221,5805115166.1783905,USD,9.502293896844153,2.8772,USD,113.67991088005942,1.66788,Finance,Strong buy
CYTK,"Cytokinetics, Incorporated",49.1,USD,4.379251700680277,520464,0.38999926265933,5794499497.555272,USD,,-5.3888,USD,2.3962616145333335,0,Health technology,Buy
RMBS,"Rambus, Inc.",53.5,USD,1.2107453651154003,347982,0.3345495993993947,5701786077.043133,USD,33.225686250155256,1.6102,USD,-38.50208150326548,0,Electronic technology,Strong buy
NXT,Nextracker Inc.,39.045,USD,6.884752258417739,1477903,0.6794702028163176,5682939438.140843,USD,10.626803113602962,3.6742,USD,89.88113695090438,0,Electronic technology,Buy
TSEM,Tower Semiconductor Ltd.,51.15,USD,-0.698893418753639,952568,1.731871913533672,5681223274.851485,USD,27.696556205328136,1.8468,USD,-62.52359017025508,0,Electronic technology,Buy
LYFT,"Lyft, Inc.",13.625,USD,5.620155038759687,18960267,1.5762523535169661,5651879459.786821,USD,,-0.1623,USD,93.29698922066657,0,Technology services,Buy
REYN,Reynolds Consumer Products Inc.,26.845,USD,-0.5372360133382719,153143,0.30131004538646966,5641367988.462208,USD,15.2875854214123,1.756,USD,37.56365060712887,3.40867,Consumer non-durables,Buy
COLB,"Columbia Banking System, Inc.",26.9,USD,-0.4072565716401443,361861,0.1989779273459285,5636389441.340244,USD,11.621878510325757,2.3146,USD,11.27349646651604,5.33136,Finance,Neutral
NUVL,"Nuvalent, Inc.",79.21,USD,1.1880429228410738,236580,0.4305743065547831,5628072867.990802,USD,,-3.4782,USD,-71.13757134422359,0,Health technology,Strong buy
SIGI,"Selective Insurance Group, Inc.",92.53,USD,-1.058597091531218,94055,0.29014947842195454,5625269911.323674,USD,24.940700808625337,3.71,USD,-28.833131917668947,1.52908,Finance,Buy
CRVL,CorVel Corp.,109.31,USD,-1.752651447060941,42851,0.25612530846134174,5616185401.062736,USD,69.70411937252901,1.5682,USD,9.60301928990774,0,Finance,
VIRT,"Virtu Financial, Inc.",36.21,USD,1.485426008968613,385485,0.44165711615209224,5598812658.724776,USD,18.138556329209038,1.9963,USD,22.985460818137014,2.69058,Finance,Buy
MMSI,"Merit Medical Systems, Inc.",95.61,USD,-1.1476426799007438,159737,0.30590520743784544,5572094586.618486,USD,46.83550504555697,2.0414,USD,18.623975826602347,0,Health technology,Buy
UPST,"Upstart Holdings, Inc.",61.04,USD,-0.8608088354718225,2744536,0.5558583644882679,5568558295.790807,USD,,-1.9286,USD,37.107451491928906,0,Technology services,Neutral
BPMC,Blueprint Medicines Corporation,87.525,USD,0.3496904379729498,173073,0.2758739083467984,5560099290.704254,USD,,-2.1078,USD,77.09410997609216,0,Health technology,Buy
CACC,Credit Acceptance Corporation,457.935,USD,-2.454948238401563,24416,0.5570384971641593,5546574340.507221,USD,30.758664696399787,14.888,USD,-38.75922437126192,0,Finance,Neutral
IONS,"Ionis Pharmaceuticals, Inc.",34.91,USD,-0.14302059496568723,536254,0.3434176658365147,5512193824.315788,USD,,-2.4431,USD,14.630652037179406,0,Health technology,Buy
SAIC,Science Applications International Corporation,112.43,USD,0.5814993737699102,157900,0.2940687323738014,5495748727.728485,USD,18.964324871383994,5.9285,USD,-37.290430404383386,1.32403,Technology services,Neutral
ACIW,"ACI Worldwide, Inc.",52.345,USD,0.8379888268156469,234754,0.30057899683229067,5490395915.857542,USD,24.810408569532658,2.1098,USD,164.48539551209728,0,Technology services,Buy
FIVE,"Five Below, Inc.",99.355,USD,-5.340129573170723,1241125,0.8563015445406511,5465481572.068217,USD,20.4758568101725,4.8523,USD,0.1796184656040809,0,Retail trade,Buy
UMBF,UMB Financial Corporation,111.53,USD,-1.1784511784511769,163577,0.36816177268260664,5442490359.66835,USD,13.926105360420545,8.0087,USD,2.8959438798453045,1.3911,Finance,Buy
NOVT,Novanta Inc.,150.75,USD,-1.3222491326831252,47853,0.24996239046222124,5415140573.383191,USD,90.5079250720461,1.6656,USD,-20.670603924557067,0,Electronic technology,Buy
BBIO,"BridgeBio Pharma, Inc.",28.29,USD,3.097667638483957,798538,0.4538626133160307,5346521316.220845,USD,,-2.412,USD,38.2630730246487,0,Health technology,Strong buy
SMTC,Semtech Corporation,61.96,USD,0.17784963621665228,468080,0.3384710678752068,5339644615.950201,USD,,-13.0487,USD,-66.8013140906825,0,Electronic technology,Strong buy
TEM,"Tempus AI, Inc.",33.75,USD,-0.02962085308056283,2126409,0.5371928970586237,5313791266.328496,USD,,-5.1038,USD,,0,Technology services,Buy
CRUS,"Cirrus Logic, Inc.",99.365,USD,-0.21590680859610709,254478,0.395262405478298,5280247796.965605,USD,16.872410514161515,5.8892,USD,138.21697273683358,0,Electronic technology,Buy
WFRD,Weatherford International plc,72.1,USD,0.6561496579645385,347087,0.3492409786599833,5238208480.30853,USD,10.0994537050007,7.139,USD,50.46262145130357,0.698032,Industrial services,Buy
SRAD,Sportradar Group AG,17.545,USD,1.1822376009227327,639382,1.22522321574002,5231239612.877451,USD,84.39153439153439,0.2079,USD,,0,Technology services,Strong buy
CORT,Corcept Therapeutics Incorporated,49.91,USD,-0.952569954356031,485859,0.583543548044796,5229327116.958324,USD,39.693017337362804,1.2574,USD,55.34964170990858,0,Health technology,Strong buy
URBN,"Urban Outfitters, Inc.",56.505,USD,2.9610058309037903,1131571,0.7099617667383297,5214118477.593204,USD,16.185442983586835,3.4911,USD,21.109415111357794,0,Retail trade,Neutral
RDNT,"RadNet, Inc.",70.065,USD,0.32216494845360005,196782,0.36643607759099867,5186682803.139818,USD,,-0.0654,USD,-649.5798319327731,0,Health services,Strong buy
CHX,ChampionX Corporation,27.215,USD,0.09194556822360639,1198357,0.6735916516605777,5184457602.093784,USD,16.80768280632411,1.6192,USD,7.0616239090187785,1.36079,Process industries,Strong buy
BCPC,Balchem Corporation,158.465,USD,-2.7792263566367073,106943,0.6434856278803057,5151335240.809073,USD,42.560363118738756,3.7233,USD,16.9010989010989,0.533759,Consumer non-durables,Buy
SITM,SiTime Corporation,219.8,USD,2.4565328858434765,59030,0.23674880482561683,5134966205.566587,USD,,-4.1428,USD,-47.236734548814745,0,Electronic technology,Buy
STRL,"Sterling Infrastructure, Inc.",166.485,USD,-1.166518254674963,142687,0.3688516114622744,5113271385.499733,USD,28.136724691566677,5.917,USD,61.59602359624208,0,Industrial services,Buy
PECO,"Phillips Edison & Company, Inc.",36.8508,USD,-1.6262680192205052,160119,0.21889544874530786,5102051818,USD,79.53982300884955,0.4633,USD,-4.336155275655589,3.17672,Finance,Buy
TLX,Telix Pharmaceuticals Limited,15,USD,-2.5974025974025996,3939,0.5357725788900979,5099055729.103,USD,154.63917525773195,0.097,USD,,0,Health technology,Buy
FFIN,"First Financial Bankshares, Inc.",35.58,USD,-1.303744798890427,169691,0.29136589169302174,5084743794.810541,USD,24.570126372488087,1.4481,USD,-2.102487831260149,1.99723,Finance,Neutral
CALM,"Cal-Maine Foods, Inc.",104.035,USD,1.0833657209483043,204824,0.2927175451463459,5072992865.360571,USD,11.916953035509735,8.73,USD,-32.71209563669156,2.82064,Process industries,Buy
QLYS,"Qualys, Inc.",138.29,USD,-1.3764085009271194,74892,0.2502966950956994,5060093941.966267,USD,30.45096225833443,4.5414,USD,22.873376623376625,0,Technology services,Neutral
UBSI,"United Bankshares, Inc.",37.09,USD,-1.2250332889480526,224648,0.36852147343627967,5015322760.263383,USD,14.044454542012195,2.6409,USD,-7.680206949590995,3.94141,Finance,Neutral
OZK,Bank OZK,43.91,USD,-1.3923197844150113,461063,0.4172237939626826,4980794593.907477,USD,7.2158680076250565,6.0852,USD,6.427409622750417,3.54817,Finance,Neutral
VLY,Valley National Bancorp,8.915,USD,-1.6004415011037676,3345964,0.43722898796133347,4979614844.996688,USD,14.328190292510445,0.6222,USD,-46.19508820477344,4.85651,Finance,Buy
INTA,"Intapp, Inc.",64.31,USD,0.3432672803869541,167090,0.20481898911918273,4976661094.596037,USD,,-0.2934,USD,70.31566167543505,0,Technology services,Buy
VRNS,"Varonis Systems, Inc.",44.205,USD,-0.5064145847400437,497832,0.39585330164802107,4971777245.8433485,USD,,-0.7537,USD,25.72920772566022,0,Technology services,Buy
ACT,"Enact Holdings, Inc.",32.28,USD,-0.308832612723908,122868,0.5729639792056437,4957861603.100678,USD,7.5204435850243465,4.2923,USD,6.962545789827803,2.20815,Finance,Buy
PONY,Pony AI Inc.,14.91,USD,3.9024390243902474,490122,0.5665775627322679,4949974471,USD,,-0.4645,USD,-23.274946921443735,0,Technology services,Strong buy
IDCC,"InterDigital, Inc.",194.48,USD,0.39231881065454827,123937,0.3384726305454774,4928849563.524674,USD,20.771785916455723,9.3627,USD,30.50514343062642,0.851745,Technology services,Buy
ESGR,Enstar Group Limited,323.29,USD,0.3850333799099547,85805,0.8075757105169783,4924356289.543301,USD,4.893899164090718,66.0598,USD,57.932384843609164,0,Finance,Neutral
NXST,"Nexstar Media Group, Inc.",158.4413,USD,0.29834778755460756,139168,0.2826839045998697,4915156274.645348,USD,8.895749232211736,17.8109,USD,53.27928811779793,4.27929,Consumer services,Buy
ROAD,"Construction Partners, Inc.",87.52,USD,-1.0626271761247996,216212,0.4568606540351636,4890381072.401538,USD,66.78876678876678,1.3104,USD,40.16472349983956,0,Industrial services,Buy
ITRI,"Itron, Inc.",108.38,USD,-0.1841959845275399,75085,0.18455181940295023,4886807581.028734,USD,22.193099211631004,4.8835,USD,198.7581059586443,0,Electronic technology,Buy
LBTYB,Liberty Global Ltd.,13.59,USD,4.942084942084947,301,0.35424267388490055,4849770929.895953,USD,,-11.0358,USD,3.0569757023138204,0,Communications,Buy
FRSH,Freshworks Inc.,15.835,USD,-2.071737786023505,1785973,0.5248680881637724,4795700985.955782,USD,,-0.3397,USD,40.088183421516746,0,Technology services,Buy
TGTX,"TG Therapeutics, Inc.",30.77,USD,2.225913621262452,1103436,0.6011048659523772,4789822233.745515,USD,,-0.1067,USD,60.71428571428571,0,Health technology,Strong buy
LANC,Lancaster Colony Corporation,173.225,USD,0.049093219360060045,77107,0.622012232603389,4774947201.037311,USD,29.930368373764598,5.7876,USD,35.563207083128376,2.10812,Consumer non-durables,Neutral
RUM,Rumble Inc.,12.25,USD,-5.841660261337432,4295524,0.20929246226896522,4774568189.89239,USD,,-0.6445,USD,-47.75332416322788,0,Technology services,Neutral
CRNX,"Crinetics Pharmaceuticals, Inc.",51.38,USD,0.4889497359671426,342950,0.4541431909044766,4764859278.767063,USD,,-3.7175,USD,-2.1403450928673378,0,Health technology,Strong buy
LBTYK,Liberty Global Ltd.,13.505,USD,2.7777777777777795,514568,0.2728554802608124,4758919506.111112,USD,,-11.0358,USD,3.0569757023138204,0,Communications,Buy
LBTYA,Liberty Global Ltd.,13.105,USD,2.7037617554858984,1808577,0.8345883158272603,4755492342.18652,USD,,-11.0358,USD,3.0569757023138204,0,Communications,Buy
NSIT,"Insight Enterprises, Inc.",149.44,USD,-1.7488494411571311,110849,0.25999719946362926,4746496238.337936,USD,18.808840557821075,7.9452,USD,9.323573119048929,0,Technology services,Buy
RRR,"Red Rock Resorts, Inc.",44.83,USD,-3.0493079584775167,387147,0.9087403116241731,4734901732.282006,USD,19.45239954872863,2.3046,USD,-33.8651820816713,2.16263,Consumer services,Buy
COLM,Columbia Sportswear Company,82.74,USD,-1.4178482068390466,198032,0.39626363762063327,4732271366.487072,USD,22.924747866563226,3.6092,USD,-21.390455862174118,1.42976,Consumer non-durables,Neutral
LOPE,"Grand Canyon Education, Inc.",161.335,USD,-1.5048840048840069,53407,0.38048571581520674,4702234594.57616,USD,21.188978342811364,7.6141,USD,18.98890451633067,0,Commercial services,Strong buy
ALKS,Alkermes plc,28.8,USD,0.13908205841446156,393596,0.2313454526432045,4659912634.881781,USD,14.669926650366747,1.9632,USD,59.05371465608038,0,Health technology,Buy
TENB,"Tenable Holdings, Inc.",38.66,USD,-1.8283392585068714,406758,0.42385830916841416,4644434350.967496,USD,,-0.5079,USD,25.756468352580036,0,Technology services,Buy
HWC,Hancock Whitney Corporation,53.96,USD,-1.3888888888888853,264585,0.4611389942312529,4643816509.666667,USD,12.099197273420332,4.4598,USD,-19.85551781767211,2.74123,Finance,Strong buy
FCFS,"FirstCash Holdings, Inc.",102.84,USD,-0.7335907335907248,89787,0.4014533104349603,4602331198.5139,USD,19.012053538416033,5.4092,USD,8.342179582189999,1.40927,Finance,Buy
VKTX,"Viking Therapeutics, Inc.",41.1,USD,2.13717693836978,1099849,0.2442216876339046,4580035660.049703,USD,,-0.9366,USD,-1.3088155759870201,0,Health technology,Strong buy
GLNG,Golar LNG Limited,43.515,USD,2.823724007561437,798706,0.6293896187977969,4550228715.194235,USD,,,,,2.36295,Transportation,Strong buy
CLBT,Cellebrite DI Ltd.,21.68,USD,-1.5887426236949678,373092,0.3285812357684769,4511213946.563776,USD,,-1.5499,USD,-382.384064737006,0,Technology services,Strong buy
AVT,"Avnet, Inc.",51.76,USD,-1.0703363914373132,197132,0.14723139398363166,4500063467.134557,USD,13.532379931501477,3.8249,USD,-55.41347072948967,2.44648,Distribution services,Neutral
PRCT,PROCEPT BioRobotics Corporation,82.67,USD,2.6701440635866938,385663,0.6806065868284608,4496811479.401888,USD,,-1.9522,USD,16.24694324080828,0,Health technology,Strong buy
KRYS,"Krystal Biotech, Inc.",155.59,USD,-0.6830077875654239,125079,0.41585321740240605,4474854008.267777,USD,88.018328901963,1.7677,USD,,0,Health technology,Strong buy
EXPO,"Exponent, Inc.",88.0301,USD,-1.2007856341189562,72053,0.24552577299915052,4468800211.632216,USD,42.633717551336694,2.0648,USD,4.6634225466342185,1.25701,Industrial services,Buy
BRZE,"Braze, Inc.",43.17,USD,3.080229226361029,544718,0.4365781578517314,4467443433.994268,USD,,-1.1405,USD,18.038088393819613,0,Technology services,Strong buy
BGC,"BGC Group, Inc.",9.2903,USD,2.541942604856509,1602504,0.4904197618503098,4456733113.972494,USD,38.50103605470369,0.2413,USD,552.1621621621622,0.772627,Finance,Strong buy
IEP,Icahn Enterprises L.P.,8.819,USD,1.7185697808535283,1174061,0.6743828755168253,4444806451.488235,USD,,-1.0924,USD,50.75952219968447,40.3691,Energy minerals,Strong buy
GDS,GDS Holdings Limited,23.265,USD,-2.0833333333333375,418919,0.49352694954331094,4434861489.332439,USD,,-3.0014,USD,-185.27706491778346,0,Technology services,Strong buy
RELY,"Remitly Global, Inc.",22.38,USD,-0.8418254319893721,1101258,0.7745911472102155,4432608638.637129,USD,,-0.3521,USD,38.797149313401704,0,Commercial services,Buy
EEFT,"Euronet Worldwide, Inc.",100.54,USD,-2.236483858420845,112379,0.36600613663373627,4416885840.483859,USD,14.524494011932795,6.9221,USD,29.066602028639625,0,Technology services,Buy
AVAV,"AeroVironment, Inc.",156.295,USD,1.5628046006888046,210460,0.40283681644453156,4408201175.014686,USD,90.51659234377715,1.7267,USD,,0,Electronic technology,Strong buy
BWIN,"The Baldwin Insurance Group, Inc.",37.33,USD,-3.689370485036119,399306,0.8479182782994579,4389366009.71646,USD,,-0.6425,USD,63.61010421386497,0,Finance,Buy
FELE,"Franklin Electric Co., Inc.",95.92,USD,-1.5700359158542854,58529,0.3027079193633974,4382330957.981324,USD,24.207550979204523,3.9624,USD,-4.018603299178842,1.02617,Producer manufacturing,Neutral
RGTI,"Rigetti Computing, Inc.",18.005,USD,17.98820445609436,135321373,0.6614243899915868,4362536068.961009,USD,,-0.3772,USD,43.93579072532699,0,Electronic technology,Strong buy
LLYVK,Liberty Media Corporation - Series C Liberty Live,68.42,USD,0.5289450484866286,209818,0.7760092432598765,4353810022.54,USD,,-0.8839,USD,,0,Consumer services,Strong buy
RUSHA,"Rush Enterprises, Inc.",54.84,USD,0.09125752874612934,141762,0.37964747593961784,4327961456.657784,USD,14.548734546612193,3.7694,USD,-13.337165191401306,1.27761,Retail trade,Strong buy
AXSM,"Axsome Therapeutics, Inc.",88.86,USD,5.023046921167711,686015,0.7437429116941692,4306366730.981917,USD,,-6.5365,USD,-44.43707877582588,0,Health technology,Strong buy
AEIS,"Advanced Energy Industries, Inc.",114.24,USD,-1.2021101790192863,91062,0.4218081023730701,4303770864.63513,USD,100.48377165977658,1.1369,USD,-68.08432990848353,0.345931,Electronic technology,Buy
RUSHB,"Rush Enterprises, Inc.",53.99,USD,-0.8265980896399627,12821,0.535831456119161,4288273237.754041,USD,14.32323446702393,3.7694,USD,-13.337165191401306,1.28582,Retail trade,Strong buy
VCTR,"Victory Capital Holdings, Inc. Class A Common Stock",65.6,USD,0.21387106630003141,103559,0.2765764018974884,4266230616.4619613,USD,16.26258118895334,4.0338,USD,32.60790953022782,2.3755,Finance,Buy
ADMA,ADMA Biologics Inc,17.99,USD,4.8979591836734695,1169559,0.4968566428272474,4252660386.130612,USD,65.11038726022439,0.2763,USD,,0,Health technology,Strong buy
ACLX,"Arcellx, Inc.",78.45,USD,2.2949537097405206,161993,0.2531658032610415,4242158207.9730077,USD,,-0.7458,USD,73.14077862210537,0,Health technology,Strong buy
TIGO,Millicom International Cellular S.A.,25.07,USD,0.23990403838464103,95210,0.6500981872905498,4210604242.366685,USD,27.434887283869557,0.9138,USD,312.5507900677201,0,Communications,Buy
PLXS,Plexus Corp.,155.03,USD,-0.9266359918200338,38772,0.14238592269911884,4199443848.229678,USD,38.62713342469167,4.0135,USD,-18.8125821786184,0,Electronic technology,Neutral
FTDR,"Frontdoor, Inc.",55.07,USD,0.7316627034936868,196805,0.3424607949223869,4175645889.262667,USD,18.311498304183015,3.0074,USD,42.166966058428656,0,Consumer durables,Buy
PI,"Impinj, Inc.",146.77,USD,1.0395153517830231,173492,0.3353107594684722,4151911921.292304,USD,173.34356915082085,0.8467,USD,,0,Electronic technology,Strong buy
ALGM,"Allegro MicroSystems, Inc.",22.56,USD,3.202195791399814,1354270,0.6189692806551979,4150675911.941446,USD,,-0.1348,USD,-110.3780121641389,0,Electronic technology,Strong buy
NWL,Newell Brands Inc.,9.9522,USD,-0.07831325301206186,1562965,0.3064795542577631,4140115215.987469,USD,,-0.5977,USD,55.10740573832056,2.81124,Producer manufacturing,Neutral
IPAR,"Interparfums, Inc.",129.08,USD,-1.8477682305527936,31399,0.25290792972157494,4134468507.2615013,USD,27.65565411149677,4.6674,USD,-5.571740713765483,2.2812,Consumer non-durables,Buy
IESC,"IES Holdings, Inc.",206.942,USD,2.97671178343949,77235,0.3691102929369394,4132977502.8456206,USD,21.219162069601953,9.7526,USD,115.12771871001894,0,Industrial services,
APLS,"Apellis Pharmaceuticals, Inc.",32.98,USD,3.3531808210592184,568321,0.3066541987896159,4102481549.278596,USD,,-2.0372,USD,61.19766866024152,0,Health technology,Buy
SBRA,"Sabra Health Care REIT, Inc.",16.98,USD,-1.9630484988452646,718527,0.33097827836866683,4097683428.9999995,USD,40.984793627805935,0.4143,USD,,6.92841,Finance,Buy
SRRK,Scholar Rock Holding Corporation,43.485,USD,0.6131420638593258,497999,0.4643698032205696,4070846306.0008097,USD,,-2.4687,USD,-9.564175394993788,0,Health technology,Strong buy
SKYW,"SkyWest, Inc.",100.94,USD,0.8089483671227428,126908,0.31815391110352337,4070689250.979327,USD,17.23937696406613,5.8552,USD,,0,Transportation,Buy
SLAB,"Silicon Laboratories, Inc.",125.12,USD,0.7245210111093268,148736,0.48924191449581794,4059898328.864273,USD,,-7.4024,USD,-504.1714441714442,0,Electronic technology,Buy
SANM,Sanmina Corporation,75.245,USD,-0.5616492665521304,127144,0.29868158101277453,4057780219.5362763,USD,19.259022267724596,3.907,USD,-24.8162259939191,0,Health technology,Neutral
NFE,New Fortress Energy Inc.,16.09,USD,6.41534391534392,3917355,0.7172441206691865,4045336446.546958,USD,17.810493690502547,0.9034,USD,-52.492637778712655,2.6455,Utilities,Buy
KTOS,"Kratos Defense & Security Solutions, Inc.",26.285,USD,-0.3601213040181913,591607,0.48743831292312545,3970976889.567096,USD,264.70292044310173,0.0993,USD,,0,Electronic technology,Buy
CORZ,"Core Scientific, Inc.",14.2066,USD,1.1145907473309549,5787292,0.5845766737008962,3967236025.7233596,USD,,-5.4457,USD,-311.8665859930419,0,Technology services,Strong buy
FIZZ,National Beverage Corp.,42.21,USD,-1.0780407780642158,100725,0.5424132421529807,3951474076.271854,USD,21.287003883201372,1.9829,USD,13.127567320858066,0,Consumer non-durables,Sell
ALVO,Alvotech,13.1,USD,-0.9826152683295598,57328,0.2626334630435759,3949408795.6311407,USD,,-1.6606,USD,28.646929918790015,0,Health technology,Buy
VRRM,Verra Mobility Corporation,23.921,USD,-1.0711331679073628,397386,0.3089807877779253,3942280204.7146816,USD,39.80862040272924,0.6009,USD,16.40836884928322,0,Transportation,Buy
ASO,"Academy Sports and Outdoors, Inc.",56.71,USD,-1.425343299148271,870786,0.4650503291026318,3935509158.5303316,USD,9.323775545435115,6.0823,USD,-6.137345679012352,0.764818,Retail trade,Buy
IBOC,International Bancshares Corporation,63.18,USD,0.03166561114630007,128725,0.3241031802522277,3929973424.164661,USD,9.823830329793354,6.4313,USD,-2.192989126302177,2.08993,Finance,
DORM,"Dorman Products, Inc.",128.485,USD,-0.8220764183712833,57419,0.35092683701969796,3921039109.0701275,USD,21.523217636022515,5.9696,USD,94.44317774665319,0,Consumer durables,Buy
SMPL,The Simply Good Foods Company,38.765,USD,-0.5515649050795185,315712,0.3847285743758574,3916315174.4801188,USD,28.172238372093027,1.376,USD,3.8961038961038863,0,Consumer non-durables,Buy
GH,"Guardant Health, Inc.",31.575,USD,3.3551554828150523,1041116,0.6779888831328844,3901236751.320785,USD,,-4.2369,USD,-4.20827389443652,0,Health services,Strong buy
WRD,WeRide Inc.,14.175,USD,-0.035260930888568444,36634,0.4586169383056687,3892303899,USD,,-1.0878,USD,-69.33374844333751,0,Technology services,Strong buy
OPCH,"Option Care Health, Inc.",22.76,USD,-1.8965517241379213,453562,0.24449151288401955,3873324890.9413795,USD,19.05240247781684,1.1946,USD,-15.71297537571438,0,Health services,Buy
GSHD,"Goosehead Insurance, Inc.",104.13,USD,-2.8819250139899304,83295,0.3086319115651653,3864778601.3914385,USD,143.17338099821256,0.7273,USD,62.81620774569061,0,Finance,Buy
NCNO,"nCino, Inc.",33.35,USD,-0.6849315068493057,452930,0.2793147086115427,3861727777.6369867,USD,,-0.1573,USD,72.76190476190476,0,Technology services,Buy
SHC,Sotera Health Company,13.56,USD,-0.8771929824561345,378871,0.32149618074203334,3840721524.9385967,USD,54.63336019339243,0.2482,USD,,0,Health technology,Buy
BANF,BancFirst Corporation,115.705,USD,-1.2587472264891693,39343,0.34613574278462306,3833181873.641108,USD,18.588641657964494,6.2245,USD,-5.5219100526691305,1.51903,Finance,Neutral
ICUI,"ICU Medical, Inc.",155.63,USD,0.2964490558742076,55940,0.23848349394945123,3810486316.356384,USD,,-4.5671,USD,-289.75081071855266,0,Health technology,Buy
ACHC,"Acadia Healthcare Company, Inc.",40.94,USD,3.2534678436317757,514744,0.24810668112491482,3802726502.105422,USD,13.422070683889581,3.0502,USD,,0,Health services,Buy
VRNA,Verona Pharma plc,48.04,USD,3.4453057708871695,1532760,1.9966394409888937,3800239411,USD,,-1.938,USD,-197.55872869645324,0,Health technology,Strong buy
RARE,Ultragenyx Pharmaceutical Inc.,41.105,USD,-2.293796054195397,639656,0.7011272626391624,3795811141.2598042,USD,,-6.4618,USD,28.01506138181493,0,Health technology,Strong buy
CCOI,"Cogent Communications Holdings, Inc.",77.3425,USD,0.35357467237577267,282068,0.5828779749832049,3791662173.633937,USD,99.4247332562026,0.7779,USD,-96.55705054439233,5.08629,Communications,Buy
BL,"BlackLine, Inc.",60.0789,USD,-1.120967741935485,222931,0.39010130899374335,3754061167.9108067,USD,34.45681348933241,1.7436,USD,214.67244179750944,0,Technology services,Neutral
CARG,"CarGurus, Inc.",35.9,USD,-1.7515051997810633,270975,0.4117186860191289,3723118587.2687464,USD,,-0.4654,USD,-125.64893910168091,0,Technology services,Buy
BLKB,"Blackbaud, Inc.",73.34,USD,-0.7846320346320323,49182,0.2472666283564778,3719634417.448593,USD,72.09988202909949,1.0172,USD,,0,Technology services,Neutral
XRAY,DENTSPLY SIRONA Inc.,18.65,USD,-1.7386722866175017,764144,0.24349480741612972,3707238635.0131717,USD,,-2.0732,USD,-105.14545814367702,3.37197,Health technology,Buy
IMVT,"Immunovant, Inc.",25.25,USD,1.9378280177634253,275542,0.24096501441459497,3706312164.2813888,USD,,-2.2155,USD,-12.805498981670063,0,Health technology,Strong buy
ATAT,Atour Lifestyle Holdings Limited,27.305,USD,1.543324656005947,501640,0.4667538379672667,3699935821,USD,23.431734317343174,1.1653,USD,168.31683168316832,1.56192,Consumer services,Strong buy
RNA,"Avidity Biosciences, Inc.",30.96,USD,6.464924346629995,630316,0.44197033972583527,3693816492.2640996,USD,,-2.898,USD,3.0801645429918683,0,Health technology,Strong buy
ALKT,"Alkami Technology, Inc.",36.66,USD,-0.05452562704471954,157873,0.24598580361522301,3684207524.8167934,USD,,-0.471,USD,20.291081401252328,0,Technology services,Buy
IAC,IAC Inc.,42.5,USD,-1.4835419564209564,490601,0.5334529558735485,3666393032.336578,USD,,-0.4349,USD,64.63365048385785,0,Technology services,Buy
CAMT,Camtek Ltd.,80.765,USD,-0.00619041723411595,113057,0.1935441570060359,3663997252.2408695,USD,36.59492523787948,2.207,USD,32.10822458996766,1.64665,Electronic technology,Strong buy
DOOO,BRP Inc.,49.97,USD,-1.7692156477295038,73412,0.6059280450129295,3648317496.8489275,USD,27.404613927890207,1.82341558,USD,-78.05407869309744,1.14738,Producer manufacturing,Buy
RYTM,"Rhythm Pharmaceuticals, Inc.",59.34,USD,6.0021436227224125,240596,0.39967334549760325,3646862468.50268,USD,,-4.3382,USD,-33.10628375061364,0,Health technology,Strong buy
EBC,"Eastern Bankshares, Inc.",16.945,USD,-1.768115942028984,428375,0.3949916852348489,3637471679.4049277,USD,7.292249429788699,2.3237,USD,,2.6087,Finance,Buy
PAGP,"Plains GP Holdings, L.P.",18.375,USD,-0.02720348204569644,1034668,0.6829123923094307,3628432039.5538626,USD,21.77132701421801,0.844,USD,3.838582677165355,6.90968,Industrial services,Buy
AGYS,"Agilysys, Inc.",129.365,USD,-1.7804266950117675,81165,0.37477143859778733,3615817913.651166,USD,36.91712801780721,3.5042,USD,649.7218656397091,0,Technology services,Strong buy
PAYO,Payoneer Global Inc.,10.08,USD,0.3984063745020013,775973,0.2738582607136656,3594663707.5219126,USD,29.166666666666664,0.3456,USD,142.01680672268907,0,Commercial services,Strong buy
ZI,ZoomInfo Technologies Inc.,10.43,USD,-0.7611798287345393,4260630,0.5677022316032915,3581336076.8896294,USD,389.17910447761193,0.0268,USD,-92.08037825059102,0,Technology services,Neutral
USLM,"United States Lime & Minerals, Inc.",124.4256,USD,-6.263673346391446,160009,1.4971658373458239,3557859198.6873827,USD,36.08526434848177,3.4481,USD,43.84464561344959,0.15067,Non-energy minerals,
FUTU,Futu Holdings Limited,79.72,USD,-0.3375421927740918,1057899,0.8404183204217237,3555075975,USD,19.555032256481958,4.0767,USD,2.6721402306956037,0,Finance,Strong buy
TCBI,"Texas Capital Bancshares, Inc.",76.91,USD,-1.649616368286453,98947,0.22475113083115691,3554141448.680946,USD,438.23361823361824,0.1755,USD,-97.64375763597063,0,Finance,Neutral
RIOT,"Riot Platforms, Inc.",10.299,USD,0.8716944172379886,17768491,0.6793083808712764,3542104834.718315,USD,35.27054794520548,0.292,USD,,0,Technology services,Strong buy
CVCO,"Cavco Industries, Inc.",436.57,USD,-2.164802904331852,18840,0.3036104503877318,3539130007.772852,USD,24.690778497299437,17.6815,USD,-19.991402520419012,0,Consumer durables,Buy
PTCT,"PTC Therapeutics, Inc.",45.765,USD,1.3845813026140896,277616,0.5279468614835516,3529631862.179442,USD,,-5.9394,USD,31.432331651678002,0,Health technology,Buy
ACVA,ACV Auctions Inc.,20.95,USD,-3.009259259259269,588173,0.4077947138448986,3512057330.763889,USD,,-0.4704,USD,2.1630615640599045,0,Retail trade,Strong buy
CRSP,CRISPR Therapeutics AG,41.11,USD,4.446138211382114,1213494,0.6594714452886796,3508881513.9192066,USD,,-2.8236,USD,36.990091939659024,0,Health technology,Buy
TFSL,TFS Financial Corporation,12.435,USD,-0.9952229299363057,131100,0.4330432835184916,3490639486.083201,USD,44.410714285714285,0.28,USD,5.860113421550099,8.99682,Finance,Neutral
FULT,Fulton Financial Corporation,19.135,USD,-0.7520746887966783,491863,0.3330979552992124,3483056849.780342,USD,12.064943253467844,1.586,USD,-8.787669657234865,3.57884,Finance,Buy
FROG,JFrog Ltd.,30.985,USD,5.355321319279154,687306,0.8619712947127245,3456786029.084495,USD,,-0.5272,USD,26.65553700612131,0,Technology services,Buy
POWI,"Power Integrations, Inc.",60.55,USD,-1.8638573743922293,350554,0.9766043862701381,3443152795.9562397,USD,92.55579333537145,0.6542,USD,-41.34313637586299,1.3128,Electronic technology,Buy
MLTX,MoonLake Immunotherapeutics,53.77,USD,-0.7017543859649039,114791,0.504323108420396,3436182674.5017548,USD,,-1.2911,USD,-36.769067796610166,0,Health technology,Strong buy
FORM,"FormFactor, Inc.",43.805,USD,-0.44318181818181884,360614,0.2757186546400096,3392724855.114546,USD,25.320809248554912,1.73,USD,,0,Electronic technology,Buy
ARLP,"Alliance Resource Partners, L.P.",26.29,USD,0,199499,0.9438047776157716,3366749603.0000005,USD,7.454772301933874,3.5266,USD,-36.51942254383122,10.6504,Energy minerals,Strong buy
IRDM,Iridium Communications Inc,29.505,USD,1.6712611991729822,297162,0.31462361037586023,3359078752.356823,USD,31.324981420532964,0.9419,USD,,1.89524,Communications,Buy
MEOH,Methanex Corporation,49.84,USD,-0.20024028834600385,277883,0.7706534731447303,3358592553.1538363,USD,21.98823836600389,2.26666635,USD,-13.923762154096234,1.42004,Process industries,Strong buy
MGEE,MGE Energy Inc.,92.6475,USD,-1.3968710089399745,56578,0.38378287079463774,3354536840.0628195,USD,28.270322226290734,3.2772,USD,-0.07927312641013823,1.86782,Utilities,Strong sell
CATY,Cathay General Bancorp,47.1,USD,-1.0712035286704433,92897,0.2160468201834713,3353455576.5784497,USD,11.876544455091029,3.9658,USD,-21.57490903338079,2.85654,Finance,Neutral
OPRA,Opera Limited,19.03,USD,0.4751847940865884,276188,0.6887170429464406,3351628328,USD,9.585453080139022,1.9853,USD,173.53265362358778,4.11827,Technology services,Strong buy
FIBK,"First Interstate BancSystem, Inc.",32.0348,USD,-1.34031413612566,255699,0.3600597670571765,3348593331.5851307,USD,14.052199850857567,2.2797,USD,-15.831641129776624,5.78996,Finance,Neutral
OMAB,Grupo Aeroportuario del Centro Norte S.A.B. de C.V.,70.77,USD,3.1031468531468467,19215,0.24056217558847906,3326494594.704,USD,12.114002054091065,5.842,USD,4.539842170248543,6.05966,Transportation,Buy
DLO,DLocal Limited,11.63,USD,3.2859680284191914,578673,0.4428709940862828,3312429162.082594,USD,25.752878653675822,0.4516,USD,2.496595551520656,0,Technology services,Buy
PTEN,"Patterson-UTI Energy, Inc.",8.485,USD,2.723970944309923,3900699,0.3345469493670734,3308780582.00121,USD,,-2.1979,USD,-266.2430981015052,3.87409,Industrial services,Buy
SYNA,Synaptics Incorporated,82.32,USD,7.8616352201257875,545185,1.309704669326507,3297610235.235849,USD,20.84050632911392,3.95,USD,,0,Electronic technology,Buy
PYCR,"Paycor HCM, Inc.",18.3388,USD,-1.245018847603668,276759,0.2980972160618066,3294726994.012213,USD,,-0.2564,USD,46.638917793964616,0,Technology services,Buy
WEN,Wendy's Company (The),16.085,USD,-1.3190184049079745,1734666,0.5354064889624686,3278847918.3852754,USD,17.11352271518247,0.9399,USD,0.5670875240744673,6.13497,Consumer services,Neutral
FHB,"First Hawaiian, Inc.",25.62,USD,-1.271676300578028,335636,0.38726755621729103,3276443561.3687863,USD,14.596627164995441,1.7552,USD,-15.926617809072175,4.00771,Finance,Sell
NVCR,NovoCure Limited,30.085,USD,0.956375838926175,405631,0.4315480496710442,3255240206.300168,USD,,-1.3937,USD,25.11015583019882,0,Health technology,Buy
NWE,"NorthWestern Energy Group, Inc.",52.965,USD,-0.9259259259259212,148028,0.2874829703414477,3247507629.4074078,USD,14.32454361054767,3.6975,USD,24.59563283461382,4.86345,Utilities,Buy
WDFC,WD-40 Company,239.56,USD,-1.285643645953521,121283,1.1364151710671058,3246933747.8895664,USD,46.877874097411116,5.1103,USD,5.774843209902095,1.45047,Process industries,Buy
PTON,"Peloton Interactive, Inc.",8.475,USD,-2.58620689655172,6956702,0.6365980630960218,3232866686.8793106,USD,,-1.0766,USD,62.7821758218965,0,Consumer services,Neutral
FA,First Advantage Corporation,18.51,USD,-1.174586225306988,128685,0.1637663993879233,3195797347.0859585,USD,557.5301204819277,0.0332,USD,-88.51608439986164,0,Commercial services,Buy
SNEX,StoneX Group Inc.,99.3,USD,1.3575584362559951,104744,0.5081478103517699,3170613652.565071,USD,12.483342971362482,7.9546,USD,6.783187682064088,0,Finance,Strong buy
BTDR,Bitdeer Technologies Group,22.53,USD,3.9686202122750314,6193513,0.7086604046627205,3149315676.9053993,USD,,,,,0,Technology services,Strong buy
JANX,"Janux Therapeutics, Inc.",54.4,USD,1.6062756817332824,481325,0.68168959029227,3144291790.03362,USD,,-1.1759,USD,20.326580391625452,0,Health technology,Strong buy
PTVE,Pactiv Evergreen Inc.,17.46,USD,-0.05724098454492278,636783,0.505451810019024,3131727259.7756157,USD,,-0.9292,USD,25.064516129032256,2.28964,Process industries,Neutral
IPGP,IPG Photonics Corporation,72.32,USD,-0.5500550055005579,75412,0.2017147303484482,3127701009.751375,USD,,-3.471,USD,-290.108445612882,0,Electronic technology,Neutral
ACAD,ACADIA Pharmaceuticals Inc.,18.73,USD,2.070844686648496,5551071,2.1595676376024975,3116520192.074115,USD,24.245954692556637,0.7725,USD,,0,Health technology,Buy
VCYT,"Veracyte, Inc.",40.0957,USD,1.251767676767675,342633,0.5110557744411705,3107401946.9915657,USD,,-0.1445,USD,79.00929692039512,0,Health technology,Buy
LIF,"Life360, Inc.",41.58,USD,0.7511509571116917,85848,0.22198576517056584,3104636121.7523627,USD,,-0.2501,USD,57.81039136302294,0,Technology services,Strong buy
AVPT,"AvePoint, Inc.",16.555,USD,0.27256208358569445,418347,0.30408771396142237,3104249474.2356143,USD,,-0.0438,USD,79.34936350777934,0,Technology services,Buy
XENE,Xenon Pharmaceuticals Inc.,40.55,USD,3.4438775510203934,399971,0.9596654555610287,3091515886.5471935,USD,,-2.8087,USD,-5.6180197796412585,0,Health technology,Strong buy
PCH,PotlatchDeltic Corporation - Common Stock,39.2398,USD,-0.02598726114649056,200271,0.3652775900663669,3091447769,USD,188.92537313432837,0.2077,USD,-74.74464980544747,4.58599,Finance,Strong buy
WSFS,WSFS Financial Corporation,52.17,USD,-1.8068887634105042,89348,0.2509310071728275,3072700897.834557,USD,11.91531152932578,4.3784,USD,-7.06993526477767,1.12931,Finance,Buy
AMBA,"Ambarella, Inc.",73.4397,USD,0.9619191641462842,310562,0.6308801835098701,3062578893.281123,USD,,-3.8596,USD,-27.606956291741056,0,Electronic technology,Buy
FIVN,"Five9, Inc.",40.58,USD,-0.14763779527559615,227625,0.23403402168381116,3051957010.794783,USD,,-0.4983,USD,57.08749569410955,0,Technology services,Buy
SHOO,"Steven Madden, Ltd.",42.15,USD,-0.8701787394167557,264410,0.31140679766849455,3042851727.5411563,USD,17.89884920803431,2.3549,USD,5.596161607102821,1.97554,Consumer non-durables,Neutral
QDEL,QuidelOrtho Corporation,45.15,USD,1.34680134680135,305568,0.3565793088125156,3036640923.20202,USD,,-27.8936,USD,-14485.559566787004,0,Health technology,Buy
FLNC,"Fluence Energy, Inc.",16.73,USD,5.352644836272038,985716,0.4123218526198138,3030145516.1977334,USD,315.66037735849056,0.053,USD,,0,Producer manufacturing,Buy
DNLI,Denali Therapeutics Inc.,21.03,USD,3.189401373895987,429035,0.39109445737655185,3026671772.202159,USD,,-2.7647,USD,-185.81618939315618,0,Health technology,Strong buy
OTTR,Otter Tail Corporation,72.22,USD,-2.193932827735651,113887,0.4241680478221196,3020815742.2340193,USD,9.973622792117219,7.2411,USD,9.279828559355293,2.5325,Utilities,Neutral
JJSF,J & J Snack Foods Corp.,154.41,USD,-0.4641268613420994,33256,0.36365306430413186,3007665912.238058,USD,34.74103406380776,4.4446,USD,8.930934758100111,1.9532,Consumer non-durables,Buy
NARI,"Inari Medical, Inc.",51.155,USD,0.20568070519099702,356150,0.39095092679464477,2994826210.195299,USD,,-1.3525,USD,-2192.3728813559323,0,Health technology,Buy
BTSG,"BrightSpring Health Services, Inc.",17.11,USD,0.4697592483851925,946237,0.9878765910382153,2979303150.0857306,USD,,-0.2365,USD,80.17602682313496,0,Health services,Strong buy
AMED,Amedisys Inc,90.875,USD,0.09362264566581534,131938,0.16441656966307552,2976561873.4001536,USD,36.18355564403743,2.5115,USD,3340.41095890411,0,Health services,Neutral
ALRM,"Alarm.com Holdings, Inc.",59.685,USD,-1.8338815789473601,170733,0.3889641201541522,2950175343.6510696,USD,25.867897542582238,2.3073,USD,80.78038078821595,0,Technology services,Buy
ZLAB,Zai Lab Limited,24.44,USD,-6.681939671630394,603932,1.7887073653283418,2936965558.03436,USD,,-2.7807,USD,10.909265667051136,0,Health technology,Strong buy
PENN,"PENN Entertainment, Inc.",19.13,USD,-3.4813319878910254,1558879,0.5005960413298995,2919800563.882442,USD,,-3.5392,USD,-201.64493309469015,0,Consumer services,Buy
KC,Kingsoft Cloud Holdings Limited,10.54,USD,0.47664442326023765,1776428,0.4146655974482174,2918397643.84888,USD,,-1.1782,USD,17.935501845789513,0,Technology services,Strong buy
CVBF,CVB Financial Corporation,20.89,USD,-2.428771602055112,348046,0.323473076609584,2917865300.1223726,USD,14.683348562592254,1.4227,USD,-16.815763316377236,3.73657,Finance,Buy
MRUS,Merus N.V.,42.28,USD,0.546967895362673,160612,0.25563041214379745,2894644188.3005953,USD,,-3.9062,USD,-5.061861215707373,0,Health technology,Strong buy
NMIH,NMI Holdings Inc,36.53,USD,-0.6256800870511341,140570,0.2767061165299474,2890691965.9624596,USD,8.3569729136164,4.3712,USD,18.310011638292686,0,Finance,Buy
LFST,"LifeStance Health Group, Inc.",7.44,USD,0.9497964721845357,526111,0.4378234976564325,2846842346.0189962,USD,,-0.2518,USD,50.57899901864572,0,Health services,Buy
BHF,"Brighthouse Financial, Inc.",47.93,USD,-0.2289758534554526,100404,0.30037991759028315,2844849528.7512493,USD,,-20.3277,USD,-12.900932523924046,0,Finance,Sell
LUNR,"Intuitive Machines, Inc.",18.94,USD,4.2951541850220325,24842216,1.340500146065868,2838549297.497797,USD,,-3.0105,USD,-1447.814910025707,0,Electronic technology,Strong buy
PSMT,"PriceSmart, Inc.",92.445,USD,0.2983617229033216,115686,0.618026659030772,2836833763.8018875,USD,22.445189015951637,4.1187,USD,9.472928793557116,1.25854,Retail trade,Buy
VEON,VEON Ltd.,42.06,USD,4.887780548628431,86652,0.6419446510539056,2836489660,USD,,-46.0268,USD,,0,Communications,Strong buy
CAR,"Avis Budget Group, Inc.",80.545,USD,-0.08063515692841798,243293,0.36977890749607334,2830286749.09273,USD,7.359807746781312,10.9439,USD,-76.00742759302578,0,Finance,Buy
DIOD,Diodes Incorporated,60.97,USD,-1.1350737797956914,112503,0.2952450284687348,2824915727.6095343,USD,46.227917203730385,1.3189,USD,-79.27268155458816,0,Electronic technology,Neutral
CNXC,Concentrix Corporation,43.44,USD,0.3928819043216884,172342,0.2709400302567675,2815726463.356598,USD,14.066446473673984,3.0882,USD,-53.79367098077354,2.8663,Commercial services,Buy
FOLD,"Amicus Therapeutics, Inc.",9.34,USD,-0.8492569002123149,1140175,0.5997142537194066,2790846064.9171977,USD,,-0.3489,USD,41.94675540765391,0,Health technology,Strong buy
NAMS,NewAmsterdam Pharma Company N.V.,25.99,USD,1.128404669260697,451594,0.6532895795166404,2776588567.700389,USD,,,,,0,Health technology,Strong buy
PRGS,Progress Software Corporation,64.59,USD,-0.8595548733691515,95511,0.1435121138071753,2771235414.3043747,USD,34.604875435306724,1.8665,USD,5.577238531591155,1.07444,Technology services,Buy
OSIS,"OSI Systems, Inc.",165.38,USD,-1.224392283342299,65035,0.3526857206073993,2763623494.7180314,USD,21.560524085783197,7.6705,USD,41.20430028349471,0,Electronic technology,Strong buy
VCEL,Vericel Corporation,55.845,USD,1.7027863777089827,192118,0.5408448832731872,2756420179.5510836,USD,893.52,0.0625,USD,,0,Health technology,Strong buy
IRTC,"iRhythm Technologies, Inc.",88.07,USD,-2.3289342353332687,110130,0.4027907514298651,2756417689.5307746,USD,,-4.8549,USD,-40.61576782714476,0,Health technology,Strong buy
LAUR,"Laureate Education, Inc.",18.23,USD,-0.32804811372333914,177752,0.2800070004900658,2746986530.355932,USD,11.47984886649874,1.588,USD,149.685534591195,0,Commercial services,Buy
PATK,"Patrick Industries, Inc.",81.67,USD,-1.6971593644679785,88446,0.1610141968332382,2744082962.323905,USD,17.599775881389537,4.6404,USD,2.7592010275034338,1.8055,Consumer durables,Buy
PLMR,"Palomar Holdings, Inc.",103.525,USD,-1.9556776209868336,59454,0.3620484290164881,2739878889.4793544,USD,24.552353847978182,4.2165,USD,48.80364201016374,0,Finance,Buy
APGE,"Apogee Therapeutics, Inc.",46.77,USD,3.245033112582795,162938,0.4340420589626763,2736662135.828477,USD,,-2.7273,USD,,0,Health technology,Strong buy
SFNC,Simmons First National Corporation,21.7105,USD,-2.1167718665464386,171079,0.2072405232454046,2726259899.9910054,USD,21.28063124877475,1.0202,USD,-44.62657403386886,3.7872,Finance,Neutral
SGRY,"Surgery Partners, Inc.",21.44,USD,1.2753897024090675,653697,0.7328527970340458,2725313830.9230037,USD,,-0.4805,USD,-50.57975556251958,0,Health services,Buy
PDCO,"Patterson Companies, Inc.",30.875,USD,0.048606610499029715,1466826,0.9927623304946573,2725073553.374109,USD,18.000816231343283,1.7152,USD,-16.810553884954885,3.37006,Distribution services,Neutral
SWTX,"SpringWorks Therapeutics, Inc.",36.55,USD,1.1624688624411694,299537,0.3954239457379026,2718823217.417658,USD,,-3.7275,USD,23.68561133404308,0,Health technology,Strong buy
RXRX,"Recursion Pharmaceuticals, Inc.",6.9572,USD,2.917159763313617,13991213,0.862891320822642,2718610074.9157987,USD,,-1.5279,USD,-4.257932446264075,0,Health technology,Buy
CLSK,"CleanSpark, Inc.",9.27,USD,0.6514657980455887,21458862,0.7434147223813514,2712046464.8013024,USD,,-0.5385,USD,57.19055568805152,0,Technology services,Strong buy
POWL,"Powell Industries, Inc.",225.5,USD,1.7369727047146375,235024,0.500166953577116,2710159921.0421834,USD,18.35736207556232,12.2839,USD,173.69933825003895,0.478231,Producer manufacturing,Buy
TWST,Twist Bioscience Corporation,45.43,USD,-2.2380030126963617,350755,0.43130521734767857,2704122975.2939534,USD,,-3.5989,USD,-0.06951395840284581,0,Health technology,Buy
MGRC,McGrath RentCorp,109.9901,USD,-1.6364693257020169,42207,0.3528476435860095,2700387143.0673885,USD,12.01749248839115,9.1525,USD,85.91306114158034,1.69022,Finance,Strong buy
HUBG,"Hub Group, Inc.",43.96,USD,-1.3464991023339348,143270,0.19298981048284763,2697500139.6741476,USD,24.96450678630246,1.7609,USD,-47.47031800011933,1.12208,Transportation,Neutral
IOSP,Innospec Inc.,107.91,USD,-1.9534799200436177,35324,0.18024389360283175,2691447464.779484,USD,18.81407350582328,5.7356,USD,12.987806079230937,1.40832,Process industries,Buy
INDB,Independent Bank Corp.,63.11,USD,-1.682505063093937,74627,0.2775943730478245,2676405394.1344447,USD,13.71419879177713,4.6018,USD,-21.260031141454064,3.55196,Finance,Buy
VERA,"Vera Therapeutics, Inc.",42.26,USD,-0.07093875620714385,172744,0.23062570024533288,2676032373.301017,USD,,-2.5993,USD,9.548665483522983,0,Health technology,Strong buy
KYMR,"Kymera Therapeutics, Inc.",40.58,USD,0.8699975142928199,201358,0.39157521523626987,2628174790.656227,USD,,-2.3282,USD,19.04165797343348,0,Health technology,Strong buy
DRVN,Driven Brands Holdings Inc.,16,USD,-0.867410161090462,255529,0.4496659211799584,2625825340.2726145,USD,592.5925925925926,0.027,USD,,0,Consumer services,Buy
JBLU,JetBlue Airways Corporation,7.545,USD,-4.007633587786264,11649544,0.8141292184481271,2617184813.811069,USD,,-2.5169,USD,-350.8957362952347,0,Transportation,Neutral
HTLF,"Heartland Financial USA, Inc.",60.84,USD,-0.7585025691215991,134662,0.625213280175982,2609153482.082701,USD,34.168257890598674,1.7806,USD,-62.48129964811733,1.95743,Finance,Buy
WAFD,"WaFd, Inc.",31.95,USD,-0.8995037220843756,167371,0.3102593134703308,2599764897.9249377,USD,12.876833790101564,2.4812,USD,-33.295695889453455,3.22581,Finance,Neutral
NEOG,Neogen Corporation,11.995,USD,-1.1943986820428447,820271,0.381277324659568,2599294207.4802303,USD,,-0.1086,USD,11.779041429731924,0,Health technology,Buy
EWTX,"Edgewise Therapeutics, Inc.",27.395,USD,2.602996254681649,401112,0.48128238300004533,2593991934.603933,USD,,-1.4917,USD,-5.644475920679894,0,Health technology,Strong buy
CPRX,"Catalyst Pharmaceuticals, Inc.",21.545,USD,3.2343076185912825,451842,0.518474710700103,2569746314.5589366,USD,18.381537411483663,1.1721,USD,122.28333017257727,0,Health technology,Strong buy
DYN,"Dyne Therapeutics, Inc.",25.13,USD,6.663837011884552,641168,0.6855528877202496,2557378534.694397,USD,,-3.562,USD,0.9014021811707096,0,Health technology,Strong buy
PLTK,Playtika Holding Corp.,6.845,USD,-1.3688760806916518,277671,0.24806782598596488,2551221637.011527,USD,11.749055956059046,0.5826,USD,-25.10605476282299,5.76369,Technology services,Buy
RNW,ReNew Energy Global plc,6.815,USD,-0.21961932650072738,293056,0.23614154209153387,2542251605.204978,USD,77.26757369614513,0.0882,USD,-12.67326732673268,0,Utilities,Buy
HCM,HUTCHMED (China) Limited,14.98,USD,3.9555863983344914,45648,0.8724854021922992,2529154563.0358,USD,,-0.2495,USD,-16.100511865984174,0,Health technology,Strong buy
LIVN,LivaNova PLC,46.54,USD,0.49665299071474167,204999,0.40771804071631434,2527160919.3388033,USD,109.19755983106522,0.4262,USD,695.1492537313434,0,Health technology,Strong buy
FFBC,First Financial Bancorp.,26.46,USD,-1.5624999999999933,95806,0.18987634037265358,2526643058.625,USD,11.428818244644091,2.3152,USD,-17.982145387558454,3.49702,Finance,Neutral
HWKN,"Hawkins, Inc.",120.1366,USD,-2.0652156191407847,42284,0.3212293685872259,2512145615.66792,USD,30.72704486162975,3.9098,USD,19.085038986354785,0.554333,Process industries,Neutral
KLIC,"Kulicke and Soffa Industries, Inc.",46.57,USD,-0.1928846978139655,175095,0.36422110828721327,2508784466.81526,USD,,-1.2247,USD,-223.30849778493754,1.72525,Producer manufacturing,Buy
MRCY,Mercury Systems Inc,42.06,USD,0.1428571428571483,198317,0.34017810905659013,2508143418.6685715,USD,,-2.053,USD,-130.33770896443397,0,Electronic technology,Neutral
FLYW,Flywire Corporation - Voting,20.13,USD,-2.3763336566440447,353732,0.31577750207151656,2504515812.980601,USD,134.9195710455764,0.1492,USD,,0,Finance,Strong buy
RPD,"Rapid7, Inc.",39.57,USD,-1.6405667412378737,264700,0.3139097476862942,2501085141.344519,USD,62.32477555520554,0.6349,USD,,0,Technology services,Buy
TTMI,"TTM Technologies, Inc.",24.52,USD,-0.929292929292931,150342,0.2419103746374973,2500291147.3115153,USD,37.2474555673705,0.6583,USD,,0,Electronic technology,Strong buy
GT,The Goodyear Tire & Rubber Company,8.76,USD,-2.6666666666666687,2240647,0.45880715467781513,2495896377.333333,USD,,-1.0437,USD,40.83668726262683,0,Consumer durables,Buy
TOWN,Towne Bank,33.155,USD,-2.657075748678805,100289,0.3756736083380969,2491683646.0271583,USD,16.657455787781352,1.9904,USD,-14.047588202271458,2.936,Finance,Buy
TBBK,"The Bancorp, Inc.",51.66,USD,-1.843055291658761,160385,0.3254431025988372,2476172449.922097,USD,13.05402537019255,3.9574,USD,16.73057636717597,0,Finance,Strong buy
ARWR,"Arrowhead Pharmaceuticals, Inc.",19.77,USD,5.1595744680851,756729,0.5123040327688705,2460068941.895745,USD,,-4.9996,USD,-159.88148456180477,0,Health technology,Buy
CAKE,The Cheesecake Factory Incorporated,48.19,USD,1.5809443507588532,428438,0.42087281121835013,2459604337.591906,USD,18.316229570505513,2.631,USD,51.91408279923782,2.27656,Consumer services,Buy
ODD,ODDITY Tech Ltd.,43.08,USD,2.5226082817705735,132775,0.3687980336697119,2449816404.62256,USD,26.321256186228386,1.6367,USD,75.38576939562795,0,Technology services,Buy
APPN,Appian Corporation,33.04,USD,0.1819284414796916,175010,0.49972944765918687,2441235823.9684663,USD,,-1.2176,USD,34.63603178011596,0,Technology services,Neutral
MLCO,Melco Resorts & Entertainment Limited,5.55,USD,-4.145077720207258,1357313,0.42304909473098384,2430116347,USD,,-0.212,USD,74.79191438763377,0,Consumer services,Buy
STNE,StoneCo Ltd.,8.1,USD,1.6311166875784175,3328236,0.5983300870954386,2417340150.2258472,USD,6.618728550416734,1.2238,USD,97.57830158217632,0,Technology services,Buy
VC,Visteon Corporation,87.2,USD,-1.7132551848512128,151678,0.4780521136624229,2408367141.3615875,USD,4.733625023070994,18.4214,USD,242.2779635823114,0,Producer manufacturing,Buy
AMRX,"Amneal Pharmaceuticals, Inc.",7.765,USD,-1.9570707070707103,557833,0.5348725270320933,2405942192.4867425,USD,,-0.6847,USD,-1181.6745655608215,0,Health technology,Buy
PPBI,Pacific Premier Bancorp Inc,24.59,USD,-1.3242375601926237,138723,0.2464973242505156,2371475050.6508827,USD,,-0.1463,USD,-105.83217061989237,5.29695,Finance,Buy
MYRG,"MYR Group, Inc.",146.92,USD,-1.2435302816428195,65127,0.347850656075596,2368629698.1098337,USD,64.06488466402128,2.2933,USD,-57.87395066037217,0,Industrial services,Buy
PRVA,"Privia Health Group, Inc.",19.57,USD,0.10230179028132774,162463,0.23358645493881877,2348426335.914578,USD,191.11328125,0.1024,USD,-66.5031076218515,0,Finance,Strong buy
IOVA,"Iovance Biotherapeutics, Inc.",7.7,USD,4.054054054054052,5091760,0.6886805978224115,2346812130.8648643,USD,,-1.4955,USD,28.06637806637807,0,Health technology,Strong buy
WB,Weibo Corporation,9.245,USD,-3.1937172774869267,637708,0.6230716725683656,2340403467.60416,USD,6.4161288083836485,1.4409,USD,-14.49172155955136,0,Technology services,Buy
GCMG,GCM Grosvenor Inc.,12.365,USD,0.7742461287693614,85437,0.28227968674576986,2338648083.4303184,USD,,-0.0583,USD,74.59694989106754,3.58598,Finance,Buy
BATRA,"Atlanta Braves Holdings, Inc. - Series A",40.31,USD,-1.2009803921568503,21709,0.3942252689880601,2337802620.1921573,USD,,-0.7202,USD,,0,Consumer services,Buy
ZD,"Ziff Davis, Inc.",54.66,USD,0.5888847994111026,151013,0.24529934827462194,2336240226.499079,USD,47.93475401210207,1.1403,USD,39.74264705882355,0,Technology services,Buy
BATRK,"Atlanta Braves Holdings, Inc. - Series C",37.58,USD,-1.7773131207527437,203678,0.9069741241766995,2324165317.2273917,USD,,-0.7202,USD,,0,Consumer services,Buy
TNDM,"Tandem Diabetes Care, Inc.",35.145,USD,-2.4292059966685176,651965,0.54781469022105,2308201638.458912,USD,,-1.9417,USD,39.760493903763226,0,Health technology,Buy
PTGX,"Protagonist Therapeutics, Inc.",38.66,USD,0.1554404145077595,241391,0.3455308555242123,2304059309.97772,USD,14.50330132052821,2.6656,USD,,0,Health technology,Strong buy
FRME,First Merchants Corporation,39.065,USD,-2.0681875156680944,60441,0.21270560644553488,2291985616.6100526,USD,12.941429801894916,3.0186,USD,-28.283956190159415,3.48458,Finance,Buy
ACLS,"Axcelis Technologies, Inc.",70.34,USD,0.6726778302561883,240173,0.3475644813999538,2286479947.838844,USD,10.40994524197129,6.757,USD,-3.283522271842437,0,Producer manufacturing,Buy
SBCF,Seacoast Banking Corporation of Florida,26.735,USD,-2.8877588085724724,234126,0.5098918043069204,2284265242.794588,USD,19.541700168116364,1.3681,USD,12.712143681001823,2.61533,Finance,Neutral
QUBT,Quantum Computing Inc.,17.7004,USD,6.951057401812674,17209273,0.1939317438006381,2282687622.1673956,USD,,-0.2785,USD,57.51982916412446,0,Technology services,Strong buy
AZTA,"Azenta, Inc.",49.909,USD,-0.18200000000000216,167601,0.2002925257274573,2280436383.2921,USD,,-2.9742,USD,-1326.4748201438852,0,Health services,Neutral
STRA,"Strategic Education, Inc.",92.6158,USD,-0.8608435024620088,39176,0.27413498362929356,2275518197.5985017,USD,17.63606588593735,5.2515,USD,156.52110199296598,2.56904,Consumer services,Strong buy
BANR,Banner Corporation,66.03,USD,-1.1082821626478883,58011,0.23791371193538505,2275330402.497529,USD,13.814385539143897,4.7798,USD,-15.756635764390712,2.87554,Finance,Buy
MGNI,"Magnite, Inc.",16.05,USD,0.8165829145728692,595370,0.41484940256655184,2258081651.928392,USD,139.68668407310705,0.1149,USD,,0,Technology services,Strong buy
MRX,Marex Group plc,32.12,USD,3.0478023740776248,468037,1.7200981995523688,2257743261.8030148,USD,,,,,0.8983,Technology services,Strong buy
ADUS,Addus HomeCare Corporation,124.495,USD,-0.6820901475867489,119212,0.6705825042835334,2257482220.206063,USD,28.502907642291316,4.3678,USD,23.241443525859886,0,Health services,Strong buy
YY,JOYY Inc.,39.885,USD,-4.695340501792122,255482,0.27363957276230066,2252725524,USD,12.451610889110889,3.2032,USD,,0,Technology services,Buy
RUN,Sunrun Inc.,10.0254,USD,8.382702702702696,4923489,0.5988896863290166,2249091927.0428753,USD,,-1.8314,USD,66.71936615239238,0,Electronic technology,Buy
LION,Lionsgate Studios Corp.,7.75,USD,1.9736842105263206,151224,0.4530933997285466,2237279375.4605265,USD,,-0.5649,USD,-286.1898483849703,0,Consumer services,Strong buy
ALHC,"Alignment Healthcare, Inc.",11.64,USD,3.466666666666672,875536,0.5873796063879854,2231342495.36,USD,,-0.7606,USD,11.092928112215077,0,Health services,Buy
VIAV,Viavi Solutions Inc.,10.045,USD,-0.5445544554455417,460797,0.28431005496697015,2228114003.756436,USD,,-0.1679,USD,-1560.0000000000002,0,Technology services,Neutral
NBTB,NBT Bancorp Inc.,47.1167,USD,-1.346943048576207,78862,0.21255933438217717,2222616435.4379945,USD,16.53275553528194,2.8499,USD,-0.24851242562129255,2.76382,Finance,Buy
ROIC,Retail Opportunity Investments Corp.,17.365,USD,0.02880184331796662,1116288,0.8777712250241797,2218398601,USD,37.96458242238741,0.4574,USD,57.5068870523416,3.45622,Finance,Neutral
TMDX,"TransMedics Group, Inc.",65.81,USD,5.549318364073779,2425319,1.8458810605243012,2208683300.830633,USD,70.5056781658453,0.9334,USD,,0,Health technology,Buy
CNTA,Centessa Pharmaceuticals plc,17.31,USD,3.343283582089544,342136,0.7204140186534118,2205289975,USD,,-1.5307,USD,7.716886718514505,0,Health technology,Strong buy
ICFI,"ICF International, Inc.",117.36,USD,-1.5518832312725395,81521,0.42190614152624434,2201991695.7100916,USD,20.615876473378187,5.6927,USD,55.71268360731969,0.469759,Commercial services,Strong buy
WERN,"Werner Enterprises, Inc.",35.62,USD,-0.8351893095768493,180395,0.2963537457835365,2201593869.716036,USD,49.12425872293477,0.7251,USD,-68.99559584384487,1.55902,Transportation,Neutral
UPWK,Upwork Inc.,16.465,USD,0.7033639143730791,815811,0.4712397342388583,2200829339.255963,USD,26.428571428571427,0.623,USD,,0,Commercial services,Buy
CGON,"CG Oncology, Inc.",28.89,USD,0.7322175732217603,241629,0.24243266428209514,2199386166.702929,USD,,-1.2764,USD,,0,Health technology,Strong buy
MESO,Mesoblast Limited,20.1305,USD,1.6691919191919227,338811,0.29588945342049505,2199338078.752,USD,,-0.8893,USD,19.007285974499098,0,Health technology,Buy
ENVX,Enovix Corporation,11.665,USD,7.313707451701931,5975262,0.9675640441827209,2197614530.1439743,USD,,-1.6186,USD,-11.897684064984455,0,Producer manufacturing,Strong buy
CENTA,Central Garden & Pet Company,32.51,USD,-1.6338880484114953,81302,0.2042897274696337,2197601216.1797276,USD,20.232760766741347,1.6068,USD,-14.47732595273579,0,Consumer non-durables,Strong buy
CENT,Central Garden & Pet Company,38.15,USD,-1.6752577319587594,33574,0.19143486630235465,2196676974.435567,USD,23.71922407361353,1.6084,USD,-31.513732169469872,0,Consumer non-durables,Strong buy
HURN,Huron Consulting Group Inc.,123.26,USD,-0.804764204088202,37485,0.43422003725361186,2186744787.210204,USD,26.810222947253944,4.5975,USD,17.836272298544184,0,Commercial services,Strong buy
EXTR,"Extreme Networks, Inc.",16.515,USD,-1.3440860215053636,314457,0.3812286446555689,2182208144.803764,USD,,-0.9647,USD,-236.64305949008502,0,Electronic technology,Buy
CRTO,Criteo S.A.,39.2935,USD,-0.6736602628918115,134821,0.44019173436934234,2167137899,USD,22.88763979496738,1.7168,USD,1565.1794374393794,0,Commercial services,Buy
IDYA,"IDEAYA Biosciences, Inc.",24.97,USD,-2.840466926070041,357800,0.35614173286344125,2158201941.067704,USD,,-2.3254,USD,-19.539402662828362,0,Health technology,Strong buy
ARCB,ArcBest Corporation,92.16,USD,-1.243034719245603,143394,0.4730075865806685,2156503704.1954565,USD,11.411731200237742,8.0759,USD,75.98387448245805,0.514359,Transportation,Buy
WGS,GeneDx Holdings Corp.,77.96,USD,1.431173562321096,549772,1.1046945277662574,2141670158.3809526,USD,,-3.1714,USD,90.31450228745595,0,Health services,Buy
VICR,Vicor Corporation,47.45,USD,-1.8004966887417164,106749,0.4528191917388038,2141588773.0287666,USD,491.7098445595855,0.0965,USD,-91.8074539434587,0,Electronic technology,Buy
NMRK,"Newmark Group, Inc.",12.475,USD,-2.615144418423114,236288,0.2396656803326319,2134158136.8169398,USD,41.44518272425249,0.301,USD,245.9770114942529,0.936768,Finance,Buy
AVDX,"AvidXchange Holdings, Inc.",10.365,USD,0.2417794970986495,639681,0.5011944169498848,2132349683.2601547,USD,,-0.0055,USD,98.37662337662337,0,Technology services,Buy
WSBC,"WesBanco, Inc.",31.8439,USD,-2.1392132759680322,190263,0.3400526603258849,2129472438.3379412,USD,15.29339160503314,2.0822,USD,-25.56925826630921,4.45605,Finance,Buy
TRMK,Trustmark Corporation,34.795,USD,-1.6256714729997055,110081,0.3465208152986543,2127993508.1576197,USD,,-0.422,USD,-127.15048574921187,2.60107,Finance,Neutral
PWP,Perella Weinberg Partners,23.54,USD,-1.2583892617449695,261320,0.4114587450098897,2119236529.8942955,USD,,-2.362,USD,-171.74413253566502,1.1745,Finance,Buy
NEO,"NeoGenomics, Inc.",16.39,USD,-0.5461165048543681,201698,0.23603298690243832,2103834606.987257,USD,,-0.6152,USD,20.06237006237006,0,Health services,Buy
NEXT,NextDecade Corporation,8.06,USD,4.539559014267192,1323155,0.7760147682415712,2097947072.0000002,USD,,-1.0034,USD,-29.237506439979406,0,Energy minerals,Buy
TARS,"Tarsus Pharmaceuticals, Inc.",54.87,USD,-0.9030160736861116,476230,0.8922124613358363,2097511538.0122812,USD,,-3.8142,USD,0.5371857724001239,0,Health technology,Strong buy
TRIP,"TripAdvisor, Inc.",15.04,USD,1.8280297901150953,1049223,0.27031328783022,2095611471.6641843,USD,64.466352336048,0.2333,USD,,0,Consumer services,Neutral
WULF,TeraWulf Inc.,5.4129,USD,-4.365724381625451,30187801,1.1663749744076217,2088879647.791272,USD,,-0.1662,USD,68.31871902401829,0,Technology services,Strong buy
TFIN,"Triumph Financial, Inc.",88.84,USD,-2.2447183098591466,48936,0.37504713380482463,2077742115.7121482,USD,112.35614012899963,0.7907,USD,-58.504329572290736,0,Finance,Neutral
EFSC,Enterprise Financial Services Corporation,55.365,USD,-1.8351063829787173,62694,0.38495616790116177,2055580701.9723403,USD,11.728381985340846,4.7206,USD,-14.03179690772341,1.87943,Finance,Strong buy
NN,NextNav Inc.,15.73,USD,1.0925449871465291,362970,0.24744540923558955,2053951957.8984578,USD,,-0.7536,USD,-18.901861786052386,0,Technology services,Buy
SYBT,"Stock Yards Bancorp, Inc.",69.82,USD,-2.4996508867476694,59951,0.2683268188517594,2053597973.4366708,USD,19.21087387189082,3.6344,USD,-6.058726220016542,1.70367,Finance,Neutral
PINC,"Premier, Inc.",21.3175,USD,0.5542452830188666,417825,0.2787196473586923,2048795086.5332546,USD,15.603498755672668,1.3662,USD,-7.520476545048398,3.96226,Health services,Neutral
XMTR,"Xometry, Inc.",41.33,USD,-3.1176746366619748,422439,0.49900261845877003,2048489684.2231598,USD,,-1.0488,USD,38.46875916691111,0,Producer manufacturing,Buy
ENLT,Enlight Renewable Energy Ltd.,17.195,USD,-0.289939112786319,3650,0.1173180766263821,2038028848.9957294,USD,44.09375770454754,0.389964496,USD,76.9808015168218,0,Utilities,
LGIH,"LGI Homes, Inc.",86.58,USD,-3.15436241610739,141854,0.5901227429013585,2035797892.534228,USD,10.372713222873163,8.3469,USD,8.706240883517397,0,Consumer durables,Neutral
LGND,Ligand Pharmaceuticals Incorporated,107.69,USD,0.5039664022398432,41087,0.26092301986627114,2034842682.2388241,USD,42.84634359831304,2.5134,USD,200.3944065973467,0,Health technology,Strong buy
LMAT,"LeMaitre Vascular, Inc.",90.48,USD,-1.8016062513566276,114253,0.5080306757986767,2034354309.4994576,USD,49.62702939885915,1.8232,USD,49.614311505005745,0.694595,Health technology,Buy
OMCL,"Omnicell, Inc.",43.89,USD,-1.4150943396226472,118620,0.18110996824145958,2032845508.4009435,USD,,-0.3917,USD,49.28136734429626,0,Technology services,Buy
MIRM,"Mirum Pharmaceuticals, Inc.",42.23,USD,2.128174123337353,107022,0.27872286786980743,2027233400.123337,USD,,-2.0677,USD,52.003249767873726,0,Health technology,Strong buy
WVE,Wave Life Sciences Ltd.,13.28,USD,7.356507679870656,598873,0.525947441877948,2025462395.408246,USD,,-1.1126,USD,-28.13543706092365,0,Health technology,Strong buy
IREN,IREN Limited,10.35,USD,5.3971486761710725,9630114,0.7988172601147815,2024798619.9592664,USD,,-0.4134,USD,,0,Technology services,Strong buy
BEAM,Beam Therapeutics Inc.,24.45,USD,-1.4112903225806508,753237,0.6361097331662571,2024597491.814516,USD,,-1.7602,USD,57.857690097682436,0,Health technology,Buy
HUT,Hut 8 Corp.,21.5,USD,4.929233772571994,3006669,0.512679620035809,2014092649.5754077,USD,10.80741552978059,1.98937479,USD,,0,Technology services,Strong buy
OSW,OneSpaWorld Holdings Limited,19.35,USD,-2.763819095477373,258769,0.4851079513244209,2012050671.2412064,USD,39.823008849557525,0.4859,USD,,0.40201,Consumer services,Strong buy
SUPN,"Supernus Pharmaceuticals, Inc.",36.435,USD,0.7605088495575378,188194,0.4753340009774714,2011914188.9025168,USD,34.11197453421964,1.0681,USD,175.07082152974507,0,Health technology,Buy
TRUP,"Trupanion, Inc.",47.355,USD,-1.753112033195033,445847,0.8975389531708391,2005177293.3180494,USD,,-0.3213,USD,74.46351931330473,0,Finance,Buy
TRMD,TORM plc,20.5,USD,5.398457583547562,1146567,0.991357921896282,1994785300,USD,2.5768797835475996,7.955357533900001,USD,-0.8985693560680784,29.2083,Transportation,Buy
COCO,"The Vita Coco Company, Inc.",35.01,USD,-5.1476564616635025,477694,1.1773198569551961,1986185120.3741536,USD,34.90180440634034,1.0031,USD,59.67844635466414,0,Consumer non-durables,Buy
PLUS,ePlus inc.,73.9,USD,0.02707092582567709,182408,0.7919186165649605,1980739615.4358423,USD,18.31111551613063,4.0358,USD,-20.308828465928165,0,Technology services,Buy
HRMY,"Harmony Biosciences Holdings, Inc.",34.65,USD,0.6974716652136065,155889,0.2387901995057506,1976134389.9258938,USD,16.403143344063622,2.1124,USD,-14.384144611518657,0,Health technology,Strong buy
SKWD,"Skyward Specialty Insurance Group, Inc.",49.185,USD,-2.681044717055791,94387,0.36118101028283145,1972315083.1314805,USD,15.032090464547679,3.272,USD,83.83055227821787,0,Finance,Buy
EVCM,EverCommerce Inc.,10.71,USD,-2.724795640326966,63044,0.7023821991278714,1965113448.367848,USD,,-0.2791,USD,-33.2219570405728,0,Technology services,Buy
CHEF,"The Chefs' Warehouse, Inc.",49.59,USD,0.5474452554744589,128043,0.30495410195812434,1961508239.1806571,USD,43.84615384615385,1.131,USD,178.98371978293045,0,Distribution services,Strong buy
AKRO,"Akero Therapeutics, Inc.",28.1,USD,1.006470165348674,650651,0.977119681170986,1961356053.3860533,USD,,-3.7464,USD,-59.028780032260805,0,Health technology,Strong buy
HPK,"HighPeak Energy, Inc.",15.435,USD,5.000000000000009,230154,0.7797516763607387,1954460264.4000003,USD,12.25972994440032,1.259,USD,-12.56944444444445,1.08844,Energy minerals,Neutral
BLTE,"Belite Bio, Inc",64.02,USD,1.4580031695720992,32969,0.7897201522479084,1948485802,USD,,-1.108,USD,,0,Health technology,Strong buy
SLNO,"Soleno Therapeutics, Inc.",45.095,USD,0.32258064516128143,240951,0.36943396266915585,1944380785.2483866,USD,,-3.3141,USD,-2.6577455626800446,0,Health technology,Strong buy
VSEC,VSE Corporation,93.44,USD,-1.7455310199789658,206065,0.6451106955042455,1907270399.5423765,USD,119.18367346938774,0.784,USD,-67.37140003329449,0.42061,Industrial services,Strong buy
GTX,Garrett Motion Inc.,8.87,USD,-1.7718715393134015,537341,0.5492110994933498,1894297695.2990034,USD,8.745809505028593,1.0142,USD,,0,Producer manufacturing,Buy
UFPT,"UFP Technologies, Inc.",243.125,USD,-0.5664390004498756,40846,0.29381341704299085,1865829379.9537854,USD,34.73859431037192,6.9987,USD,28.87526240194454,0,Process industries,Buy
CLMT,"Calumet, Inc",21.68,USD,-1.5440508628519523,309060,0.37875338835751843,1862400894.8919163,USD,,-2.7456,USD,-629.4253760123408,0,Energy minerals,Buy
GOGL,Golden Ocean Group Limited,9.295,USD,3.7388392857142754,601038,0.4413196517716138,1859262961.3593748,USD,7.685629237638498,1.2094,USD,96.97068403908796,13.3929,Transportation,Buy
HLMN,Hillman Solutions Corp.,9.385,USD,-3.644763860369614,428131,0.32520461682678725,1845006667.0066736,USD,227.23970944309926,0.0413,USD,,0,Distribution services,Buy
SBLK,Star Bulk Carriers Corp.,15.495,USD,3.6454849498327757,1097541,0.6081504969692242,1841198032.8280935,USD,5.237805496399959,2.9583,USD,36.736769124104455,16.7224,Transportation,Buy
HDL,SUPER HI INTERNATIONAL HOLDING LTD.,29.1,USD,1.182197496522948,14142,0.832411178866574,1840970488.8239598,USD,,,,,0,Consumer services,Strong buy
IRON,"Disc Medicine, Inc.",61.61,USD,-2.8233438485804405,165605,0.8291024185929609,1833373936.7380128,USD,,-3.9701,USD,-6.0191737655887,0,Health technology,Strong buy
MNKD,MannKind Corporation,6.635,USD,3.188180404354589,1328361,0.3568595406193113,1829784853.761275,USD,94.38122332859174,0.0703,USD,,0,Health technology,Strong buy
AGIO,"Agios Pharmaceuticals, Inc.",31.85,USD,-3.073645769933043,382716,0.37390544173317614,1816411812.813451,USD,2.8018473718935564,11.3675,USD,,0,Health technology,Buy
JAMF,Jamf Holding Corp.,14.13,USD,0.5693950177935948,203237,0.40693407967047546,1814927547.2861211,USD,,-0.5452,USD,40.597079973850505,0,Technology services,Buy
GLPG,Galapagos NV,27.97,USD,1.709090909090905,93163,0.49906735906729477,1809105556.1999998,USD,,,,,0,Health technology,Neutral
CNXN,"PC Connection, Inc.",68.77,USD,-0.7218131947452,26195,0.3106381868548877,1807927466.5312548,USD,20.219928846549646,3.4011,USD,14.770196396031585,0.577451,Technology services,Neutral
SIMO,Silicon Motion Technology Corporation,54.5,USD,0.832562442183169,93598,0.38855433940614675,1806296114,USD,20.6329976527599,2.6414,USD,59.18760923280901,3.68178,Electronic technology,Strong buy
SONO,"Sonos, Inc.",14.785,USD,-1.695478723404249,634651,0.3504953261840831,1800277350.4601064,USD,,-0.3329,USD,-243.90495867768593,0,Consumer durables,Buy
GDYN,"Grid Dynamics Holdings, Inc.",21.735,USD,-2.270683453237406,685503,0.2916761852819437,1794604368.1767087,USD,749.4827586206897,0.029,USD,,0,Technology services,Strong buy
FBNC,First Bancorp,43.11,USD,-1.9558790084148272,51410,0.28126863589362017,1782250174.7295883,USD,17.381662769131523,2.4802,USD,-13.878954130351753,2.00136,Finance,Buy
ROCK,"Gibraltar Industries, Inc.",58.3025,USD,-1.0144312393887889,99435,0.2810442460617486,1768963292.3290746,USD,16.216310182738574,3.5953,USD,17.217657798643707,0,Producer manufacturing,Strong buy
IART,Integra LifeSciences Holdings Corporation,22.885,USD,0.9038800705467454,168801,0.310481502824574,1765887197.9832456,USD,,-0.0891,USD,-107.28476821192052,0,Health technology,Neutral
HSAI,Hesai Group,15.9,USD,15.050651230101304,4007321,0.9520373787217675,1761750496,USD,,-0.4232,USD,20.241236336223135,0,Producer manufacturing,Strong buy
HEES,"H&E Equipment Services, Inc.",48,USD,-1.960784313725492,199142,0.905186794605479,1757324674.509804,USD,12.166991964715724,3.9451,USD,-14.277954021989478,2.24673,Finance,Buy
SPT,"Sprout Social, Inc",30.605,USD,-0.3419081732334758,200160,0.3607806748739944,1757311803.6486485,USD,,-1.1956,USD,-13.736681887366828,0,Technology services,Buy
AMPH,"Amphastar Pharmaceuticals, Inc.",36.515,USD,-1.6563425801238942,171710,0.23385159473549957,1755693552.2625906,USD,12.149797032009051,3.0054,USD,17.32968963497949,0,Health technology,Buy
CMPR,Cimpress plc,69.545,USD,-3.03262688232013,77293,0.49390486645788295,1749302812.4666762,USD,11.957942157570756,5.8158,USD,,0,Commercial services,Strong buy
PCT,"PureCycle Technologies, Inc.",10.08,USD,-1.6585365853658531,598747,0.3161558034964525,1749298820.5580487,USD,,-1.5099,USD,-171.46709816612727,0,Industrial services,Buy
CASH,"Pathward Financial, Inc.",72.51,USD,-1.454199510736604,43847,0.17755257900111843,1748905622.0096495,USD,10.947219034965881,6.6236,USD,10.352870614108152,0.271813,Finance,Buy
EXPI,"eXp World Holdings, Inc.",11.365,USD,-1.2597741094700223,490174,0.25790918736828283,1745111599.7810597,USD,,-0.2151,USD,-800.6514657980457,1.73762,Finance,Buy
PAX,Patria Investments Limited,11.4,USD,-1.9776440240756699,226183,0.2947580085527949,1740921656.027515,USD,20.9020902090209,0.5454,USD,-27.91435368754957,7.51505,Finance,Buy
CHCO,City Holding Company,117.3,USD,-0.9959486833220853,20513,0.28215353115041036,1724559263.4900403,USD,15.054674264592638,7.7916,USD,-0.3491539730652691,2.47721,Finance,Neutral
CLDX,"Celldex Therapeutics, Inc.",25.9911,USD,2.8535813217253656,429682,0.5170517501797784,1724359564.5913298,USD,,-2.5679,USD,2.690514987305323,0,Health technology,Strong buy
TWFG,"TWFG, Inc.",30.16,USD,-2.0779220779220795,62226,0.32382507638193936,1724290000,USD,22.43046259110516,1.3446,USD,,0,Finance,Buy
CERT,"Certara, Inc.",10.71,USD,0.5633802816901454,321961,0.2947547531070411,1724178547.5718312,USD,,-0.1944,USD,8.345120226308355,0,Technology services,Buy
WBTN,WEBTOON Entertainment Inc.,13.43,USD,-1.104565537555231,157014,0.4379962759688409,1723245471.9801176,USD,,-1.1521,USD,-127.68774703557311,0,Technology services,Buy
TXG,"10x Genomics, Inc.",14.225,USD,-0.9401114206128118,667623,0.46180276997411474,1721999547.2876043,USD,,-1.5267,USD,20.2184364548495,0,Health technology,Buy
LKFN,Lakeland Financial Corporation,67.25,USD,-2.1960442117510253,27944,0.2111698449703203,1715284232.2898488,USD,17.504815451090636,3.8418,USD,9.659188217160473,2.79232,Finance,Neutral
IAS,Integral Ad Science Holding Corp.,10.525,USD,0.8141762452107362,310404,0.4328049063604351,1712106480.2011497,USD,52.91603821015586,0.1989,USD,271.08208955223876,0,Technology services,Buy
STGW,Stagwell Inc.,6.405,USD,-2.6595744680851037,105063,0.33270526689129276,1707500931.0957448,USD,2463.4615384615386,0.0026,USD,,0,Commercial services,Buy
PRDO,Perdoceo Education Corporation,25.97,USD,-1.8889308651303363,149402,0.2764610790941968,1706653876.8526633,USD,13.068639291465377,1.9872,USD,-7.563494278537532,1.81337,Consumer services,Strong buy
VITL,"Vital Farms, Inc.",38.89,USD,3.1838684001061366,202149,0.255518771400514,1702979425.0419211,USD,34.56888888888889,1.125,USD,140.89935760171304,0,Process industries,Strong buy
ALGT,Allegiant Travel Company,92.24,USD,-1.9974500637484165,146112,0.5326707031113289,1692045494.2481933,USD,,-1.5064,USD,-116.17575998367819,2.54994,Transportation,Neutral
DVAX,Dynavax Technologies Corporation,12.865,USD,0.7439310884886503,448340,0.2707916909217922,1691162966.5853562,USD,98.73369148119724,0.1303,USD,-66.05886949726492,0,Health technology,Strong buy
ARQT,"Arcutis Biotherapeutics, Inc.",14.44,USD,3.6611629576453684,1671203,0.7050116909729052,1690123972.1694183,USD,,-1.7926,USD,58.99535649747237,0,Health technology,Strong buy
FTRE,Fortrea Holdings Inc.,18.605,USD,-0.2412868632707676,429506,0.4183790827797478,1668868409.2195714,USD,,-3.1377,USD,,0,Commercial services,Neutral
CENX,Century Aluminum Company,17.98,USD,-1.317233809001089,384275,0.367656204255254,1668523141.4237106,USD,5.856677524429968,3.07,USD,,0,Non-energy minerals,Buy
NWBI,"Northwest Bancshares, Inc.",13.005,USD,-1.4025777103866468,255721,0.3070577374837118,1656833097.514026,USD,17.20693305107171,0.7558,USD,-31.47778785131459,6.0652,Finance,Neutral
XNCR,"Xencor, Inc.",23.67,USD,3.0026109660574467,212993,0.21590160483011078,1656474682.6488252,USD,,-3.1999,USD,-61.20403022670025,0,Health technology,Strong buy
VRNT,Verint Systems Inc.,26.57,USD,-3.205828779599268,267727,0.355658745399168,1654904180.8739529,USD,27.994942577178378,0.9491,USD,3150.3424657534247,0,Technology services,Buy
AAOI,"Applied Optoelectronics, Inc.",34.5,USD,-6.402604449267497,2585151,0.855873976888912,1652720643.0276723,USD,,-2.0662,USD,2.7029572424185506,0,Electronic technology,Buy
MBIN,Merchants Bancorp,36.1,USD,-1.0145324924595487,70816,0.38566877992274207,1652081278.9909515,USD,5.968816653163804,6.0481,USD,16.882790607788188,0.987113,Finance,Buy
DNUT,"Krispy Kreme, Inc.",9.7,USD,-2.316213494461233,615233,0.3067558198584322,1649000050.7955687,USD,59.65559655596556,0.1626,USD,,1.40987,Distribution services,Buy
UCTT,"Ultra Clean Holdings, Inc.",36.55,USD,1.6689847009735586,148663,0.46868871954026176,1646945455.3059804,USD,495.2574525745257,0.0738,USD,,0,Producer manufacturing,Strong buy
MXL,"MaxLinear, Inc",19.505,USD,-1.390293225480294,366294,0.29622018310637444,1645476542.1718907,USD,,-2.7212,USD,-5353.306613226453,0,Electronic technology,Buy
TVTX,"Travere Therapeutics, Inc.",18.78,USD,7.807118254879445,727436,0.5396037217016927,1634504193.888634,USD,,-4.557,USD,-3.481163567000492,0,Health technology,Strong buy
CLBK,"Columbia Financial, Inc.",15.56,USD,-1.5812776723592663,39867,0.43715924891113167,1629496920.8753953,USD,98.10844892812106,0.1586,USD,-67.56646216768917,0,Finance,Buy
SJW,SJW Group,48.775,USD,-0.9041040227549783,132780,0.4021947145835113,1621941270.0091426,USD,17.644611655753717,2.7643,USD,-13.034040143459382,3.25071,Utilities,Neutral
DMLP,"Dorchester Minerals, L.P.",34.18,USD,2.5502550255025547,79924,0.6906098353403105,1618072949.831983,USD,12.27818090380056,2.7838,USD,4.540162980209537,10.4637,Miscellaneous,
APLD,Applied Digital Corporation,7.645,USD,0.06544502617800908,8200322,0.5172034637824615,1614972626.0091624,USD,,-1.1617,USD,-114.49409158050221,0,Technology services,Strong buy
ULCC,"Frontier Group Holdings, Inc.",7.149,USD,0.5485232067510506,1945801,0.897428098211182,1611186706.4295359,USD,,-0.0311,USD,-110.70936639118459,0,Transportation,Neutral
BCRX,"BioCryst Pharmaceuticals, Inc.",7.735,USD,2.8590425531914994,1840559,0.9965419667431497,1602170530.3690162,USD,,-0.6074,USD,51.58616292045273,0,Health technology,Strong buy
ASTH,Astrana Health Inc.,32.235,USD,2.2359657469077017,284387,0.8224637733551781,1583384183.5099905,USD,24.71440619489381,1.3043,USD,33.705791901588924,0,Health services,Strong buy
DSGR,"Distribution Solutions Group, Inc.",33.7,USD,-2.03488372093022,33539,0.4962836803032836,1578436598.1250002,USD,840.3990024937657,0.0401,USD,-67.99680766161214,0,Distribution services,Buy
GO,Grocery Outlet Holding Corp.,16.1,USD,3.139013452914811,746225,0.4987904969623727,1563895487.174888,USD,31.384015594541914,0.513,USD,-36.37603869527471,0,Retail trade,Neutral
INFN,Infinera Corporation,6.5899,USD,0.30289193302891637,400894,0.5312226864766622,1560503665.3394368,USD,,-0.4767,USD,-1119.1815856777491,0,Electronic technology,Neutral
UPBD,"Upbound Group, Inc.",28.525,USD,-2.211175865615369,136167,0.26950527265817975,1560306100.7567704,USD,19.694145263739298,1.4484,USD,961.0989010989009,5.14227,Finance,Buy
INDV,Indivior PLC,12.44,USD,0.08045052292839731,338459,0.2905696868798891,1558385677.203125,USD,,-0.0427904,USD,97.56842769196633,0,Health technology,Strong buy
GPCR,Structure Therapeutics Inc.,28.02,USD,3.318584070796455,350701,0.3085076978916853,1552728528,USD,,-2.2148,USD,3.7043478260869547,0,Health technology,Strong buy
MLKN,"MillerKnoll, Inc.",22.44,USD,-0.6640106241699804,187096,0.11502511578838,1552074615.6812754,USD,24.57831325301205,0.913,USD,35.099141757916556,3.32005,Producer manufacturing,Neutral
VRDN,"Viridian Therapeutics, Inc.",19.57,USD,2.086593635889403,935587,0.5723638975782296,1550193588.4501824,USD,,-4.3127,USD,15.561429270680364,0,Health technology,Strong buy
APOG,"Apogee Enterprises, Inc.",70.52,USD,-1.2463240442515062,52016,0.24807999835936023,1547421571.707604,USD,14.876695567791065,4.7403,USD,4.338351822503978,1.40036,Producer manufacturing,Neutral
NTCT,"NetScout Systems, Inc.",21.515,USD,-0.6694367497691578,86830,0.2107987312747096,1542997707.5133889,USD,,-8.3991,USD,-1021.8636812644057,0,Technology services,Neutral
VECO,Veeco Instruments Inc.,27.13,USD,1.2313432835820832,210955,0.3478175563324955,1540393715.9880595,USD,20.3144889554474,1.3355,USD,35.54247437328732,0,Electronic technology,Buy
CMPO,"CompoSecure, Inc.",15.38,USD,0.3261578604044404,590852,0.5873056721597975,1534380402.778865,USD,,-0.4486,USD,-156.54146710360476,1.95695,Commercial services,Strong buy
PLAB,"Photronics, Inc.",24.06,USD,2.1222410865874366,190223,0.28886780095071873,1523849405.378608,USD,11.487228455478634,2.0945,USD,3.1519330214232975,0,Electronic technology,Strong buy
PGNY,"Progyny, Inc.",17.86,USD,3.536231884057968,1183021,0.5138616609060598,1520837346.8081157,USD,30.766580534022392,0.5805,USD,12.260684587120481,0,Commercial services,Buy
HLIT,Harmonic Inc.,13.045,USD,-1.3983371126228308,353653,0.29823754197342606,1520110492.2520785,USD,17.899286498353458,0.7288,USD,1340.316205533597,0,Electronic technology,Buy
SEZL,Sezzle Inc.,270.98,USD,5.934323690383114,141629,0.8397522289492735,1519394147.2621582,USD,28.81264021946007,9.4049,USD,2043.8112605425117,0,Technology services,Strong buy
PLYA,Playa Hotels & Resorts N.V.,12.49,USD,-1.264822134387353,428580,0.3201663807371267,1518217143.5715415,USD,26.135174722745344,0.4779,USD,97.5609756097561,0,Consumer services,Buy
TASK,"TaskUs, Inc.",16.81,USD,-0.7674144037780553,159237,0.796077529533513,1501260132.8193624,USD,28.977762454749183,0.5801,USD,26.99211908931698,0,Commercial services,Buy
ADEA,Adeia Inc.,13.7,USD,-2.0028612303290494,189231,0.29270137517720457,1496929606.2660942,USD,37.46240087503418,0.3657,USD,-69.1209997466858,1.43062,Technology services,Strong buy
PRAX,"Praxis Precision Medicines, Inc.",79.745,USD,3.618762993763008,143105,0.36831500101534026,1486269535.2373962,USD,,-10.2957,USD,69.41338292613366,0,Health technology,Strong buy
SASR,"Sandy Spring Bancorp, Inc.",32.78,USD,-2.758825274399287,67136,0.25294784307106166,1480064652.0652626,USD,17.310027987537627,1.8937,USD,-34.82136710952021,4.03441,Finance,Neutral
IMCR,Immunocore Holdings plc,29.75,USD,0.847457627118644,114488,0.30851756726859497,1475755790,USD,,-0.9568,USD,29.293526455808454,0,Health technology,Buy
CSGS,"CSG Systems International, Inc.",50.665,USD,-0.8706711015456864,46926,0.2535755141785815,1473979682.7392876,USD,22.32626801216234,2.2693,USD,-5.869420939107357,2.34788,Technology services,Strong buy
SDGR,"Schrodinger, Inc.",20.18,USD,4.613789528252984,438273,0.6274488188976378,1469034094.9735613,USD,,-2.4492,USD,-535.4133333333333,0,Technology services,Strong buy
ATRC,"AtriCure, Inc.",29.995,USD,-1.8488219895287885,170992,0.4646379064990668,1462353712.1567411,USD,,-0.8322,USD,-54.97206703910614,0,Health technology,Strong buy
SPNS,Sapiens International Corporation N.V.,26.23,USD,-2.38183848157797,73536,0.556607672429845,1462145039.9441755,USD,20.64054139124961,1.2708,USD,20.147489836437536,2.12133,Technology services,Neutral
ATSG,"Air Transport Services Group, Inc",21.98,USD,0,750762,0.5614659880072932,1461060402,USD,,-0.0392,USD,-102.65816776293484,0,Transportation,Neutral
KRNT,Kornit Digital Ltd.,30.59,USD,-1.163166397415184,91830,0.37385787701000006,1460221523.3421648,USD,,-0.875,USD,43.31433013734129,0,Producer manufacturing,Strong buy
HOPE,"Hope Bancorp, Inc.",12.015,USD,-2.2375915378356273,216462,0.25601471118895536,1450678786.8246543,USD,14.279771808889945,0.8414,USD,-36.35400907715582,4.55655,Finance,Neutral
SSRM,SSR Mining Inc.,7.145,USD,2.6580459770114886,2132545,0.672281196948636,1445930338.6767929,USD,,-2.411741865,USD,-339.6589880830527,0.958735,Non-energy minerals,Neutral
VBTX,"Veritex Holdings, Inc.",26.44,USD,-2.6509572901325438,136981,0.27645490445543647,1440553553.7569957,USD,16.89456869009585,1.565,USD,-40.905486538534156,2.94551,Finance,Buy
KNSA,"Kiniksa Pharmaceuticals, Ltd.",19.92,USD,0.7077856420626925,179632,0.4060531834911369,1438255241.569262,USD,,-0.1353,USD,-32.90766208251474,0,Health technology,Strong buy
MCRI,"Monarch Casino & Resort, Inc.",77.64,USD,-1.5969581749049493,29852,0.29108027914532464,1427726425.5300379,USD,17.180792210666077,4.519,USD,2.3162089342722054,1.52091,Consumer services,Neutral
STBA,"S&T Bancorp, Inc.",37.29,USD,-2.4332810047095754,53360,0.24472843216032464,1426705425.754317,USD,10.609423011266642,3.5148,USD,-7.842366081963337,3.47985,Finance,Neutral
TCBK,TriCo Bancshares,43.06,USD,-1.4645308924485139,49210,0.32453357778320024,1421211632.2540045,USD,12.80252125825058,3.3634,USD,-12.02427349533102,3.0206,Finance,Buy
INMD,InMode Ltd.,16.78,USD,0.4790419161676758,280625,0.2897244332189956,1419908860.7293417,USD,9.095836947094536,1.8448,USD,-12.26935514552025,0,Health technology,Buy
AFYA,Afya Limited,15.69,USD,-1.1964735516372875,35409,0.34563777387759725,1415126427.1057932,USD,12.944476528339246,1.2121,USD,57.109526895657815,0,Consumer services,Neutral
SRCE,1st Source Corporation,57.57,USD,-1.3874614594039092,22921,0.34803034352072304,1411402989.646968,USD,10.929075859974182,5.2676,USD,2.4087718957170887,2.39808,Finance,Neutral
HIMX,"Himax Technologies, Inc.",7.465,USD,-7.15174129353233,1383230,0.7794663093251045,1404587993,USD,16.559449866903282,0.4508,USD,13.752207923290435,3.48259,Electronic technology,Neutral
SYRE,"Spyre Therapeutics, Inc.",23.91,USD,2.706185567010305,226468,0.44289503801417274,1403665730.8814433,USD,2.5960348309482963,9.2102,USD,,0,Health technology,Strong buy
GIII,"G-III Apparel Group, LTD.",31.945,USD,-2.0692826486817815,125440,0.1719999116964739,1401960818.5476701,USD,8.355784572728936,3.8231,USD,,0,Consumer non-durables,Neutral
WINA,Winmark Corporation,396.84,USD,0.9591166967715627,3235,0.17210193115922753,1397036432.5169563,USD,36.30475354045449,10.9308,USD,-2.872730826987495,0.890427,Retail trade,Strong buy
PZZA,"Papa John's International, Inc.",42.72,USD,4.017531044558068,965084,0.8990007893750896,1394450185.9342585,USD,14.824068290651676,2.8818,USD,23.106497500961176,4.48016,Consumer services,Buy
TILE,"Interface, Inc.",23.88,USD,-1.9301848049281412,178555,0.24794852813237844,1392289268.7622175,USD,16.629526462395543,1.436,USD,,0.164271,Producer manufacturing,Strong buy
WLFC,Willis Lease Finance Corporation,210.68,USD,1.5080703444953,36050,1.0978904058692216,1391248382.7438207,USD,14.935911978221416,14.1056,USD,106.93621266357609,0.240906,Finance,
NAVI,Navient Corporation,12.95,USD,-2.55831452219714,316995,0.27194887211930185,1390357057.0353649,USD,18.590295722078668,0.6966,USD,-75.28297200439981,4.81565,Finance,Neutral
RXST,"RxSight, Inc.",34.465,USD,0.24723676556137533,190640,0.2598155887172655,1389093472.7383652,USD,,-0.8196,USD,52.44836388953353,0,Electronic technology,Strong buy
TTGT,"TechTarget, Inc.",19.42,USD,-2.0181634712411634,69558,0.21548894565067545,1387638778.7709386,USD,,,,,,Technology services,
KARO,Karooooo Ltd.,44.885,USD,-0.586932447397565,16812,0.6300782538302401,1386345109.5950165,USD,30.80433738247203,1.4571,USD,30.9988312505619,2.39203,Technology services,Strong buy
MRVI,"Maravai LifeSciences Holdings, Inc.",5.465,USD,0.27522935779815927,626051,0.4137393358451742,1380062771.4559634,USD,,-1.6486,USD,-1011.3322277501381,0,Health technology,Buy
WABC,Westamerica Bancorporation,51.65,USD,-1.5440335493709536,45121,0.3217690630751798,1378332115.6185668,USD,9.41110017856492,5.4882,USD,-9.110180017554603,3.35494,Finance,Neutral
MDXG,"MiMedx Group, Inc",9.375,USD,-2.546777546777539,233505,0.3499808751163081,1377620728.300416,USD,16.020164046479834,0.5852,USD,,0,Health technology,Strong buy
NRIX,"Nurix Therapeutics, Inc.",19.44,USD,3.184713375796186,281913,0.3032053533765882,1377057310.8535032,USD,,-2.9104,USD,-5.9367378881083255,0,Health technology,Strong buy
DCBO,Docebo Inc.,45.45,USD,1.5188742461469726,31360,0.49670080428784574,1373884454.9208815,USD,78.47118653276979,0.579193485,USD,1640.7981462936093,0,Technology services,Strong buy
ANDE,"The Andersons, Inc.",40.05,USD,-1.159921026653519,115906,0.17140971796944865,1364503656.1673245,USD,11.452346229733207,3.4971,USD,103.81746124256908,1.87562,Commercial services,Strong buy
HELE,Helen of Troy Limited,59.52,USD,-0.5181347150258987,226261,0.6939763633173801,1360128561.0777204,USD,9.931918301962355,5.9928,USD,4.6210785426231995,0,Consumer durables,Buy
SGML,Sigma Lithium Corporation,12.155,USD,8.333333333333321,872755,1.5584938544533116,1359260300.426973,USD,,-0.47875659000000004,USD,37.81469277718279,0,Non-energy minerals,Strong buy
OCUL,"Ocular Therapeutix, Inc.",8.615,USD,0.8782201405152351,334160,0.4009671881503972,1354428088.6334898,USD,,-1.3198,USD,-18.708400791509284,0,Health technology,Strong buy
RCKT,"Rocket Pharmaceuticals, Inc.",12.735,USD,1.3126491646777976,894116,0.5020997287777794,1354202802.3472552,USD,,-2.754,USD,14.341700102640667,0,Health technology,Strong buy
ACDC,ProFrac Holding Corp.,8.43,USD,8.6340206185567,260485,0.7279083850094215,1350035932.5115976,USD,,-1.3322,USD,-243.093447905478,0,Industrial services,Sell
AMPL,"Amplitude, Inc.",10.57,USD,0.18957345971563577,133437,0.3780800446090081,1349615395.5146918,USD,,-0.6596,USD,20.730681408484557,0,Technology services,Neutral
UNIT,Uniti Group Inc.,5.505,USD,0.09090909090908897,743219,0.41712428779335947,1342630013,USD,13.223636800384337,0.4163,USD,,10.9091,Finance,Neutral
RPAY,Repay Holdings Corporation,7.635,USD,0.0655307994757522,143184,0.22945039687976687,1339803345.8709044,USD,,-0.8736,USD,-77.23676202069386,0,Commercial services,Buy
QCRH,"QCR Holdings, Inc.",78.985,USD,-2.0523313492063506,24996,0.29068732970264904,1332392490.704799,USD,11.47387382152559,6.8839,USD,4.3189016351209935,0.297619,Finance,Strong buy
NVAX,"Novavax, Inc.",8.315,USD,3.420398009950253,2560614,0.8073692870406304,1331938248.1106966,USD,,-2.26,USD,64.55791487626635,0,Health technology,Buy
DCOM,"Dime Community Bancshares, Inc.",30.505,USD,-0.7483325199284218,133906,0.3334978748246039,1331355273.2968926,USD,20.386954487736418,1.4963,USD,-48.41056406012964,3.25362,Finance,Strong buy
ARHS,"Arhaus, Inc.",9.45,USD,0.5319148936170099,457258,0.34828050695349194,1328005652.93617,USD,16.929415979935506,0.5582,USD,-44.61202619567374,0,Consumer durables,Buy
MOMO,Hello Group Inc.,7.38,USD,-4.280155642023347,484031,0.4727756767413855,1326966071,USD,7.709987463435018,0.9572,USD,-27.954237543278637,0,Technology services,Buy
AHCO,AdaptHealth Corp.,9.72,USD,2.100840336134465,339672,0.14514723232005206,1307873553.4663868,USD,,-1.6458,USD,50.85256965389554,0,Finance,Buy
BUSE,First Busey Corporation,22.99,USD,-2.4607551972846915,91137,0.38770252529678473,1307630514.4302077,USD,11.807909604519773,1.947,USD,-16.580976863753214,4.07297,Finance,Buy
ESTA,Establishment Labs Holdings Inc.,45.43,USD,-1.3891903624918613,159115,0.39582243949910667,1306729358.9335792,USD,,-2.5775,USD,8.524683252297965,0,Health technology,Strong buy
QNST,"QuinStreet, Inc.",23.175,USD,0.4551365409622905,117820,0.19126005507289617,1303894311.7685306,USD,,-0.4025,USD,70.89028711940406,0,Commercial services,Strong buy
DXPE,"DXP Enterprises, Inc.",83.04,USD,0.5083514887436477,183429,0.5354362473312694,1303303076.8220768,USD,21.41254738144968,3.8781,USD,17.255245812420632,0,Distribution services,Strong buy
ARVN,"Arvinas, Inc.",18.845,USD,-1.6953573291601607,365699,0.33354791610877577,1294898455.0250387,USD,,-4.6734,USD,15.41357466063349,0,Health technology,Strong buy
FORTY,Formula Systems (1985) Ltd.,83,USD,-6.741573033707865,1107,2.8641655886157826,1292604171.45397,USD,17.20777874528341,4.8234,USD,17.072815533980588,1.02835,Technology services,
LZ,"LegalZoom.com, Inc.",7.475,USD,-0.4660452729693761,683155,0.4938837019571214,1291846018.6551266,USD,56.415094339622634,0.1325,USD,215.47619047619045,0,Commercial services,Neutral
NSSC,"NAPCO Security Technologies, Inc.",35.18,USD,-1.0686164229471389,103259,0.33976399236757515,1290545519.0860517,USD,25.85814038956266,1.3605,USD,46.1645896003438,0.913948,Commercial services,Strong buy
DAWN,"Day One Biopharmaceuticals, Inc.",12.74,USD,0.5524861878453061,505767,0.5240816082915162,1284781846.9171271,USD,,-1.0135,USD,55.62026535884749,0,Health technology,Strong buy
HROW,"Harrow, Inc.",36.06,USD,7.481371087928481,294689,0.8446540887713851,1284266751.608942,USD,,-0.9411,USD,-108.90122086570477,0,Health technology,Strong buy
VNET,"VNET Group, Inc.",5.005,USD,5.590717299578052,3230267,0.9774094858978731,1265419646,USD,,-2.1104,USD,-700.6069802731411,0,Technology services,Strong buy
AUPH,Aurinia Pharmaceuticals Inc,8.825,USD,-1.72605790645881,898949,0.8438769964948487,1263556907.7839642,USD,,-0.158,USD,70.8164019209457,0,Health technology,Buy
ATEC,"Alphatec Holdings, Inc.",8.9099,USD,-2.9422657952069646,508584,0.4507863393437706,1263137569.5656645,USD,,-1.2721,USD,15.654422490385889,0,Health technology,Strong buy
CCB,Coastal Financial Corporation,84.6125,USD,-0.35037098103874625,92774,0.7728094749003938,1262793217.4824815,USD,28.452653171026967,2.9738,USD,-16.8121293498937,0,Finance,Strong buy
MRTN,"Marten Transport, Ltd.",15.415,USD,-1.2491992312620133,126598,0.28900663926767395,1255518392.9670084,USD,37.26130045927,0.4137,USD,-59.66263650546022,1.53748,Transportation,Buy
LILA,Liberty Latin America Ltd.,6.345,USD,-0.2358490566037825,102644,0.27634720068017965,1243003506.4316034,USD,,-2.9403,USD,-444.7414702778755,0,Communications,Buy
CRAI,"CRA International,Inc.",183.075,USD,-2.203525641025641,16226,0.40795802251236374,1241195354.4619393,USD,29.647293161244352,6.1751,USD,24.578357004519027,0.934829,Commercial services,Buy
LILAK,Liberty Latin America Ltd.,6.31,USD,-0.4731861198738209,262906,0.23472489918079706,1240046424.1624606,USD,,-2.9403,USD,-444.7414702778755,0,Communications,Buy
NTLA,"Intellia Therapeutics, Inc.",12.12,USD,3.9451114922812955,1615848,0.6411268896770765,1234404673.3893654,USD,,-5.4452,USD,-1.7319009808500658,0,Health technology,Strong buy
COHU,"Cohu, Inc.",26.335,USD,-1.3670411985018667,94721,0.2699755422754377,1227572751.1713483,USD,,-1.0748,USD,-199.8606336523274,0,Electronic technology,Buy
NMFC,New Mountain Finance Corporation,11.37,USD,0.9769094138543467,333176,0.40937954625879763,1226270642.1687388,USD,10.922190201729107,1.041,USD,-7.876106194690263,11.3677,Finance,Buy
MYGN,"Myriad Genetics, Inc.",13.455,USD,-1.8599562363238569,325633,0.3000999002840338,1224878954.5831509,USD,,-1.2998,USD,61.33158802879753,0,Health technology,Neutral
BLBD,Blue Bird Corporation,37.9409,USD,-1.783846751229623,278452,0.48401947605985074,1224277777.3762333,USD,11.940487804878048,3.1775,USD,335.09516636998507,0,Consumer durables,Strong buy
ARDX,"Ardelyx, Inc.",5.165,USD,1.873767258382638,2857833,0.531087819313143,1223352311.7830372,USD,,-0.3114,USD,-149.71932638331998,0,Health technology,Strong buy
FOXF,Fox Factory Holding Corp.,29.33,USD,-3.105384869507768,288628,0.3566495591987013,1222574004.7575157,USD,114.48087431693989,0.2562,USD,-93.59019264448337,0,Producer manufacturing,Buy
CRCT,"Cricut, Inc.",5.69,USD,-0.1754385964912243,235371,0.8912151856939687,1220353477.2964914,USD,19.867318435754193,0.2864,USD,18.249380677126336,1.75439,Distribution services,Sell
CBRL,"Cracker Barrel Old Country Store, Inc.",54.55,USD,3.1971244797578464,305903,0.4545077019653291,1214237662.4073021,USD,30.24506542470614,1.8036,USD,-54.056601370456214,5.86455,Consumer services,Neutral
THRM,Gentherm Inc,39.18,USD,-1.8659987476518411,70746,0.2533518645781892,1213787242.1350033,USD,18.37280187573271,2.1325,USD,293.3776056078214,0,Producer manufacturing,Buy
SAFT,"Safety Insurance Group, Inc.",81.76,USD,-0.7766990291262142,25444,0.3544774299968375,1213155472.3631067,USD,16.186893684418926,5.051,USD,138.61489040060468,4.36893,Finance,Neutral
NVEE,"NV5 Global, Inc.",18.525,USD,-1.6719745222930005,192068,0.4822593888019846,1205405925.0875795,USD,32.88656133499023,0.5633,USD,-18.527625108475554,0,Industrial services,Buy
BLFS,"BioLife Solutions, Inc.",25.98,USD,0.07704160246532964,107775,0.31993462082960655,1205139794.2604008,USD,,-0.8174,USD,65.53527005945102,0,Health technology,Strong buy
SNDX,"Syndax Pharmaceuticals, Inc.",13.965,USD,5.635400907715576,1180937,0.3400403365214079,1192019936.1285932,USD,,-3.6318,USD,-40.47886125401307,0,Health technology,Strong buy
IMKTA,"Ingles Markets, Incorporated",64.08,USD,-0.5586592178770942,49621,0.31853704443123476,1191292170.357542,USD,11.536176571191962,5.5547,USD,-50.22491845585863,1.02421,Retail trade,
UDMY,"Udemy, Inc.",8.155,USD,-0.9113001215066958,276558,0.42505559145185756,1189826080.4963546,USD,,-0.625,USD,34.527550806620575,0,Technology services,Buy
STAA,STAAR Surgical Company,24.145,USD,-0.5969534787978575,242680,0.41900227457391015,1189766048.8429396,USD,55.11298790230541,0.4381,USD,11.390795830155099,0,Health technology,Buy
RBCAA,"Republic Bancorp, Inc.",68.55,USD,-1.8892228424216506,4620,0.22967020948706987,1185623555.068699,USD,13.152340752110515,5.212,USD,14.153050943974756,2.33004,Finance,Neutral
AMWD,American Woodmark Corporation,78.73,USD,-1.005909719602662,43980,0.21257560136709602,1185207175.516409,USD,11.771478125654138,6.6882,USD,-1.8231460278316025,0,Producer manufacturing,Strong buy
VSAT,"ViaSat, Inc.",9.18,USD,7.873090481786134,3082021,1.1160979482623683,1178660428.0329025,USD,,-3.0384,USD,77.6413969711687,0,Electronic technology,Buy
DSP,Viant Technology Inc.,18.745,USD,-1.2901527119536464,156756,0.7670982968867522,1178157430.2588208,USD,334.7321428571429,0.056,USD,,0,Technology services,Strong buy
EMBC,Embecta Corp.,20.195,USD,-2.2033898305084665,447460,0.9388735531661856,1173970863.8610172,USD,14.91506646971935,1.354,USD,10.350448247758761,2.90557,Health technology,Neutral
EOSE,"Eos Energy Enterprises, Inc.",5.375,USD,10.596707818930035,10867177,0.9585095063570481,1171278932.1244855,USD,,-2.4555,USD,8.482725205918536,0,Producer manufacturing,Buy
ANIP,"ANI Pharmaceuticals, Inc.",55.14,USD,-0.25325615050651334,81541,0.2738319718581827,1159519105.663893,USD,,-0.5418,USD,-189.8358481180567,0,Health technology,Buy
GABC,"German American Bancorp, Inc.",39.04,USD,-2.933863749378418,44353,0.3034320737820267,1158639262.440577,USD,14.088776614940455,2.771,USD,-7.8360939266946135,2.68523,Finance,Buy
ULH,"Universal Logistics Holdings, Inc.",43.92,USD,-4.397039616891589,15892,0.30179764441355317,1155877597.2224643,USD,8.81945420590775,4.9799,USD,24.862723466138444,0.914236,Transportation,Neutral
PLAY,"Dave & Buster's Entertainment, Inc.",30.02,USD,2.8434395340870102,1034189,0.641633710361775,1155856710.3891742,USD,14.821763602251409,2.0254,USD,-25.473746182433676,0,Consumer services,Buy
PFBC,Preferred Bank,85.6,USD,-0.9029868025005802,30475,0.31308366088544887,1146418284.1676314,USD,8.580077381071707,9.9766,USD,-6.116725951856665,3.24149,Finance,Buy
ELVN,"Enliven Therapeutics, Inc.",23.43,USD,4.133333333333332,107091,0.46944555617754163,1144770240.6360002,USD,,-1.9065,USD,-159.80613589309243,0,Health technology,Strong buy
CDNA,"CareDx, Inc.",21.28,USD,-0.607192900513774,149414,0.1978494430013941,1141328808.5642226,USD,,-2.701,USD,-60.58263971462545,0,Health technology,Buy
CNCK,Coincheck Group N.V.,8.78,USD,-1.2373453318335343,67968,0.4327895658796164,1138793088.6209223,USD,,-0.0256,USD,-118.3381088825215,0,Finance,
FWRG,"First Watch Restaurant Group, Inc.",18.735,USD,0.6716818914562064,286736,0.5946406562793514,1134775622.8009133,USD,55.92537313432835,0.335,USD,-8.168859649122805,0,Consumer services,Strong buy
INOD,Innodata Inc.,39.0266,USD,-1.248481781376521,638736,0.3931989223250899,1131784067.844757,USD,65.78995279838166,0.5932,USD,,0,Technology services,Strong buy
KALU,Kaiser Aluminum Corporation,70,USD,-0.38423224704709835,44106,0.38817025066578426,1126160300.8396187,USD,24.022787329695596,2.9139,USD,262.5155511321224,4.38309,Non-energy minerals,Sell
COMM,"CommScope Holding Company, Inc.",5.2,USD,-0.19193857965450647,1771531,0.36395154933302093,1122569686.1420348,USD,,-4.39,USD,56.02436190247225,0,Electronic technology,Sell
SCSC,"ScanSource, Inc.",47.01,USD,-0.9272918861960059,63340,0.16929360412826222,1119691229.0231824,USD,15.03550182306659,3.1266,USD,-0.30610292710924925,0,Distribution services,Neutral
KRUS,"Kura Sushi USA, Inc.",92.805,USD,2.4563921395451627,57552,0.6197750364798432,1119298053.3363326,USD,,-0.7852,USD,-945.2099031216361,0,Consumer services,Buy
ECPG,Encore Capital Group Inc,47.03,USD,-1.5490893866443416,35426,0.25688791881338174,1114201464.8865397,USD,,-7.8641,USD,-1530.8793031936955,0,Finance,Strong buy
SBGI,"Sinclair, Inc.",16.74,USD,3.717472118959095,108045,0.43576126034199464,1111880771.3977695,USD,,-3.3426,USD,-353.11222171740116,6.19579,Consumer services,Neutral
PEBO,Peoples Bancorp Inc.,31.26,USD,-1.3568949195329747,58786,0.4630649280266688,1110925116.4581888,USD,8.884215312908543,3.5186,USD,2.2254503195816384,5.01736,Finance,Buy
BBSI,"Barrett Business Services, Inc.",42.8,USD,-1.4732965009208117,32189,0.25691267411382723,1110105617.8268876,USD,22.571458706887455,1.8962,USD,9.778266658947492,0.713628,Commercial services,Buy
DAVE,Dave Inc.,86.64,USD,-0.3221352968246677,363754,0.6705072407534152,1105263854.4850438,USD,27.795957651588065,3.117,USD,,0,Finance,Strong buy
NYAX,Nayax Ltd.,30.025,USD,2.9663923182441647,2701,0.21544744629767001,1094877076.539595,USD,,-0.309704486,USD,45.7148960504045,0,Technology services,Buy
IGIC,International General Insurance Holdings Ltd.,24.18,USD,1.7676767676767597,70117,0.7679846659364732,1093116726.1641412,USD,7.942973523421588,3.0442,USD,29.739174906239345,0.357744,Finance,Strong buy
CECO,CECO Environmental Corp.,31.2096,USD,3.2404895798875217,103529,0.45413810090095935,1091681179.6439562,USD,94.26034430685593,0.3311,USD,-32.97570850202429,0,Producer manufacturing,Strong buy
FSUN,FirstSun Capital Bancorp,39.21,USD,-2.097378277153549,59324,1.4004688374201195,1084817384.55,USD,12.81917154346618,3.0587,USD,-25.39392165471487,0,Finance,Buy
ROOT,"Root, Inc.",71.81,USD,-1.074528171924509,205640,0.728487237657448,1084330931.7414246,USD,,-1.308,USD,90.21514707202489,0,Finance,Buy
INVA,"Innoviva, Inc.",17.3,USD,-0.2881844380403499,124564,0.16736626546721112,1082998739.8386166,USD,25.152660657167782,0.6878,USD,55.68130375735625,0,Health technology,Buy
DGII,Digi International Inc.,29.35,USD,-2.911015547469398,55922,0.192445411225512,1082053391.8623886,USD,48.51239669421488,0.605,USD,-10.02379535990482,0,Electronic technology,Buy
ICHR,Ichor Holdings,32.07,USD,-0.4655493482309081,121672,0.48173403982802454,1081828293.6266294,USD,,-0.9389,USD,-62.80561817235998,0,Producer manufacturing,Strong buy
XPEL,"XPEL, Inc.",39.11,USD,-2.078117175763641,49392,0.3687420351138097,1081299172.3943415,USD,22.25953329538987,1.757,USD,-1.2976799056232862,0,Consumer durables,Strong buy
IPX,IperionX Limited,35.56,USD,3.372093023255825,45410,0.5780030446669958,1075298566.172,USD,,-1.0064,USD,3.684563116087662,0,Non-energy minerals,Strong buy
VMEO,"Vimeo, Inc.",6.47,USD,1.0937499999999907,502748,0.301799633420791,1073055404.8859375,USD,32.77608915906788,0.1974,USD,302.8571428571428,0,Technology services,Buy
PLSE,"Pulse Biosciences, Inc",17.36,USD,-0.2871912693854148,88809,0.5681288958945332,1067929452.3239517,USD,,-0.8072,USD,12.65959748972084,0,Health technology,
CMCO,Columbus McKinnon Corporation,36.82,USD,-1.127819548872185,114751,0.5152718972931735,1056360459.9135336,USD,71.34276303042046,0.5161,USD,-70.76583210603829,0.75188,Producer manufacturing,Strong buy
PDFS,"PDF Solutions, Inc.",27.12,USD,0.14771048744461857,48369,0.26295502979167573,1051520000.4549483,USD,240.8525754884547,0.1126,USD,69.32330827067669,0,Technology services,Strong buy
CSWC,Capital Southwest Corporation,22.0334,USD,0.9780018331805685,276411,0.43510201665851805,1050699761.1516132,USD,13.335794697978454,1.6522,USD,-8.262076624097727,10.5408,Finance,Buy
AVDL,Avadel Pharmaceuticals plc,10.9,USD,3.710751665080881,535119,0.6879547526716278,1050340745.1379638,USD,,-0.7721,USD,64.1866505867619,0,Health technology,Strong buy
AOSL,Alpha and Omega Semiconductor Limited,36.13,USD,-2.4304617877396666,210271,0.3053122428082134,1048884142.6540643,USD,,-0.6796,USD,-116.57106437221158,0,Electronic technology,Buy
BRKL,"Brookline Bancorp, Inc.",11.605,USD,-1.6525423728813584,332276,0.26591529565946553,1044227606.8940678,USD,13.973509933774835,0.8305,USD,-14.662967529798596,4.57627,Finance,Buy
REAL,"The RealReal, Inc.",9.515,USD,-12.946020128087824,5003917,1.2994209820134457,1043711727.0846295,USD,,-0.8715,USD,52.96562145825463,0,Retail trade,Buy
GYRE,"Gyre Therapeutics, Inc.",12.15,USD,0.41322314049587366,56200,0.4720539048601398,1042740652.7975208,USD,,,,,0,Health technology,
OCFC,OceanFirst Financial Corp.,17.83,USD,-1.4917127071823375,175629,0.5311212580051948,1042416963.7933699,USD,10.262461148843098,1.7374,USD,-18.485502486628512,4.41989,Finance,Buy
XRX,Xerox Holdings Corporation,8.375,USD,-0.6524317912218235,887097,0.2486237503608434,1041633058.6892052,USD,,-11.0421,USD,-1139.647867432445,11.8624,Electronic technology,Sell
GOGO,Gogo Inc.,8.185,USD,1.1742892459827026,422701,0.34518754819099123,1029503127.3566132,USD,19.168618266978925,0.427,USD,-64.1838617681597,0,Communications,Buy
BELFA,Bel Fuse Inc.,88.08,USD,-2.2202486678507993,9592,0.8861624877589105,1027380612.2238009,USD,23.096286972938955,3.8136,USD,-26.974704632058668,0.26643,Electronic technology,Strong buy
SPRY,"ARS Pharmaceuticals, Inc.",10.56,USD,0.09478672985781789,1228192,0.808637266148276,1026278668.8000001,USD,,-0.5074,USD,79.10042013345415,0,Health technology,Strong buy
CCEC,Capital Clean Energy Carriers Corp.,18.42,USD,0.32679738562092747,5690,0.2554261216977567,1025753562.8169936,USD,14.16814091223752,1.3001,USD,-52.16175442469735,3.26797,Transportation,Strong buy
PENG,"Penguin Solutions, Inc.",19.195,USD,0.02605523710265245,238915,0.21855848460018706,1023938068.9971339,USD,,-0.0008,USD,78.37837837837837,0,Electronic technology,Strong buy
BELFB,Bel Fuse Inc.,80.27,USD,-2.6676367163817183,52340,0.7555896891024161,1022679865.8940219,USD,18.12618552976244,4.4284,USD,-27.31629655161094,0.339517,Electronic technology,Strong buy
TIGR,UP Fintech Holding Limited,6.66,USD,3.0959752321981453,2833648,0.7488430272587088,1017558890,USD,35.42553191489362,0.188,USD,-14.855072463768115,0,Finance,Buy
ARRY,"Array Technologies, Inc.",6.67,USD,10.430463576158939,4725778,0.9256073648432246,1013459656.5016556,USD,,-0.98,USD,-355.4744525547445,0,Electronic technology,Buy
AMAL,Amalgamated Financial Corp.,32.995,USD,-1.419181356438606,100795,0.6403439224027302,1011933656.0240513,USD,9.706124610225332,3.3994,USD,16.44572328982976,1.37437,Finance,Strong buy
AVXL,Anavex Life Sciences Corp.,11.92,USD,10.986964618249532,2558686,0.8125023994625584,1011000900.9534452,USD,,-0.5145,USD,13.81909547738694,0,Health technology,Strong buy
ASTL,Algoma Steel Group Inc.,9.68,USD,-1.0224948875255588,70071,0.13682586106603145,1010815339.1875,USD,,-1.324008075,USD,-819.471851650591,1.94626,Producer manufacturing,Strong buy
LQDA,Liquidia Corporation,11.925,USD,1.4030612244898037,437608,0.6006344153659678,1009291707.4936225,USD,,-1.6237,USD,-82.5612772655723,0,Health technology,Strong buy
BLMN,"Bloomin' Brands, Inc.",11.875,USD,-2.7436527436527505,1038538,0.5548002084498028,1007511471.1302211,USD,,-0.1134,USD,-104.20935412026726,7.86241,Consumer services,Neutral
JBSS,"John B. Sanfilippo & Son, Inc.",86.625,USD,-0.5567673057054292,48241,0.3603508716889155,1005150051.0604409,USD,18.647077817242494,4.6455,USD,-16.566389482569726,0.975778,Consumer non-durables,
VIR,"Vir Biotechnology, Inc.",7.285,USD,-0.7493188010899144,356896,0.30992928513735646,1003291119.0613079,USD,,-3.9238,USD,12.567404964570613,0,Health technology,Buy
ZYME,Zymeworks Inc.,14.43,USD,-1.4344262295082024,218738,0.371183452064818,1002137005.5737705,USD,,-1.5077,USD,-148.37177965286023,0,Health technology,Buy
EH,EHang Holdings Limited,15.57,USD,-1.1114639568116795,1879900,1.0885482683923777,1000685127,USD,,-0.5459,USD,32.91139240506328,0,Technology services,Strong buy
AVO,"Mission Produce, Inc.",14.11,USD,-1.809324982602643,192465,0.2922411578316348,1000607317.4084901,USD,27.3079156183472,0.5167,USD,,0,Process industries,Strong buy
NRDS,"NerdWallet, Inc.",13.59,USD,2.180451127819542,464152,0.871008535903168,998034227.9729322,USD,,-0.1358,USD,-1460.919540229885,0,Technology services,Buy
AMSC,American Superconductor Corporation,25.145,USD,2.0909460008120204,754617,0.6550805841214856,992051096.8410475,USD,,-0.0448,USD,94.82200647249192,0,Producer manufacturing,Strong buy
SHLS,"Shoals Technologies Group, Inc.",5.945,USD,7.504520795660037,3493652,0.6378286573377155,991026348.3833637,USD,30.771221532091097,0.1932,USD,-76.39007698887939,0,Electronic technology,Buy
PHVS,Pharvaris N.V.,18.17,USD,-5.216484089723526,24538,0.5558261168960901,981320085.2973396,USD,,-2.6801,USD,16.69981973021695,0,Health technology,Strong buy
LMB,"Limbach Holdings, Inc.",87.04,USD,1.7535655833528174,48963,0.38721723643794626,981210708.4554595,USD,39.551051938019725,2.2007,USD,29.972832506496566,0,Miscellaneous,Strong buy
LQDT,"Liquidity Services, Inc.",31.625,USD,-2.0594611334778543,134586,0.3540114910510737,972191004.34345,USD,49.98419472103682,0.6327,USD,-3.5812252362084678,0,Retail trade,Strong buy
BFC,Bank First Corporation,97.0925,USD,-2.015844182056718,6009,0.30091340664623517,972095545.1811231,USD,11.950581574250725,8.1245,USD,53.51838554854312,1.56423,Finance,Neutral
AMSF,"AMERISAFE, Inc.",51.0167,USD,-1.0153279006596798,33045,0.26826834790698734,971866654.1893053,USD,15.930273224043715,3.2025,USD,-3.40240702198896,2.87156,Finance,Neutral
SDA,SunCar Technology Group Inc.,9.37,USD,-2.9015544041450894,480039,1.309799065861715,971091655.5554403,USD,,,,,0,Consumer services,Strong buy
RDFN,Redfin Corporation,7.8073,USD,-0.7966963151207169,1784490,0.4219390526489492,967952759.2433925,USD,,-1.2755,USD,17.17532467532467,0,Finance,Neutral
BCYC,Bicycle Therapeutics plc,14.35,USD,2.4999999999999973,237625,0.3480363718330521,966223594,USD,,-3.3018,USD,33.95739573957396,0,Health technology,Strong buy
TRS,TriMas Corporation,23.79,USD,-3.253355022366819,91647,0.4308329474592247,965199775.5335503,USD,36.952469711090394,0.6438,USD,-47.44060739652217,0.650671,Producer manufacturing,Neutral
HSTM,"HealthStream, Inc.",31.625,USD,-0.5503144654088072,32537,0.26057283257733016,961870640.6643082,USD,48.94753134189754,0.6461,USD,51.916294380437336,0.352201,Technology services,Buy
TRNS,"Transcat, Inc.",103.47,USD,-2.1467751087573257,26001,0.5393402463030685,961782945.298468,USD,52.15747555197096,1.9838,USD,76.7305122494432,0,Electronic technology,Strong buy
REPL,"Replimune Group, Inc.",12.74,USD,5.20231213872833,807579,0.9479423388162667,959837260.9364164,USD,,-3.1163,USD,2.712912087912087,0,Health technology,Strong buy
ACMR,"ACM Research, Inc.",15.3,USD,1.3245033112582854,546509,0.5600552237125022,958206042.178808,USD,11.532373558453306,1.3267,USD,22.197660495532823,0,Producer manufacturing,Buy
LX,LexinFintech Holdings Ltd.,5.73,USD,-1.2068965517241275,1251300,0.3513498525512736,953594930,USD,9.219629927594529,0.6215,USD,-40.837696335078526,2.09379,Finance,Strong buy
SEPN,"Septerna, Inc.",21.445,USD,-6.353711790393006,103852,0.14947101807736907,952216753.6812227,USD,,,,,0,Health technology,Strong buy
TH,Target Hospitality Corp.,9.58,USD,-0.8794619762027842,162191,0.5036962549254415,947856255.9048111,USD,11.00264155277363,0.8707,USD,-45.523368579115306,0,Consumer services,Neutral
CTBI,"Community Trust Bancorp, Inc.",52.075,USD,-1.8008674335281885,27405,0.4616333110419723,940366384.719027,USD,11.839532557293563,4.3984,USD,-3.805441343714469,3.50745,Finance,Strong buy
ETNB,"89bio, Inc.",7.97,USD,1.918158567774929,399333,0.24276164417938148,937130329.6828643,USD,,-2.9106,USD,-45.573672101630486,0,Health technology,Buy
FBYD,"Falcon's Beyond Global, Inc.",7.2645,USD,-9.125594195646732,3643,0.3555221579209323,936364562.1640606,USD,,,,,0,Industrial services,
MSEX,Middlesex Water Company,52.14,USD,-0.9310279308379289,47401,0.18707489705177763,930970136.9162074,USD,22.690282431785544,2.2979,USD,24.533925861695202,2.49858,Utilities,Neutral
RDWR,Radware Ltd.,22.265,USD,-1.1762094984465181,63145,0.49663496288116704,930386451.13826,USD,,-0.0585,USD,87.23821989528795,0,Electronic technology,Buy
RCAT,"Red Cat Holdings, Inc.",11.5374,USD,-10.214785992217898,7128297,0.45182024918078195,924847031.6560155,USD,,-0.5354,USD,-2.8428736073761116,0,Technology services,Strong buy
CBLL,"CeriBell, Inc.",25.735,USD,-0.5602782071097356,54492,0.12599393753020252,921936829.1282843,USD,,,,,0,Health technology,Strong buy
COLL,"Collegium Pharmaceutical, Inc.",28.585,USD,-0.2268760907504284,158327,0.3336618804994507,921872998.6541011,USD,12.333347715407518,2.3177,USD,1442.049234863606,0,Health technology,Buy
BCAX,Bicara Therapeutics Inc.,16.92,USD,-2.870264064293915,252249,0.30722370127287946,920712275.4420207,USD,,,,,0,Health technology,Strong buy
PSTX,"Poseida Therapeutics, Inc.",9.425,USD,-1.8229166666666556,2240497,2.3515395178818,918607914.622396,USD,,-0.6332,USD,57.78948070128658,0,Health technology,Neutral
AVBP,"ArriVent BioPharma, Inc.",27.25,USD,2.2897897897897876,94979,0.5338262107045141,918247556.4001502,USD,,-2.4158,USD,-38.12464265294453,0,Health technology,Strong buy
STKL,"SunOpta, Inc.",7.685,USD,-0.19480519480520217,142223,0.2629721176297434,918132740.6974026,USD,,-0.175,USD,87.70808456837817,0,Consumer non-durables,Strong buy
FWRD,Forward Air Corporation,31.63,USD,-1.922480620155042,223066,0.3458066988517963,915828005.4635658,USD,,-31.616,USD,-874.0103312360761,0.744186,Transportation,Neutral
BHRB,Burke & Herbert Financial Services Corp.,60.7,USD,-2.661962796664523,14296,0.4388938009627665,908540962.009301,USD,34.18177722716522,1.7758,USD,,3.43169,Finance,Buy
PNTG,"The Pennant Group, Inc.",26.39,USD,-0.4901960784313688,68607,0.2328068002511071,906453388.372549,USD,38.36313417647914,0.6879,USD,65.91895803183789,0,Health services,Buy
ADPT,Adaptive Biotechnologies Corporation,6.13,USD,2.2518765638031657,289168,0.2893326302666217,904662213.8315262,USD,,-1.336,USD,1.8585175934768148,0,Health technology,Buy
PFC,Premier Financial Corp.,25.15,USD,-1.6425498631208513,60038,0.30920916760529504,901407269.8005475,USD,12.774927617209325,1.9687,USD,-39.4674538019248,4.84943,Finance,Neutral
IMTX,Immatics N.V.,7.51,USD,5.625879043600555,275792,0.28311008425694945,896362853.3628691,USD,,-0.6453,USD,-236.74507310870948,0,Health technology,Strong buy
HSII,"Heidrick & Struggles International, Inc.",43.855,USD,-1.0268562401263943,43269,0.2056451785380747,895048116.5007898,USD,23.880962753212806,1.8364,USD,-32.0405595440752,1.3541,Commercial services,Buy
PRTH,"Priority Technology Holdings, Inc.",11.45,USD,-2.553191489361708,416272,0.857256651857075,883916378.8936169,USD,,-0.4219,USD,31.598573281452662,0,Technology services,Buy
SCVL,"Shoe Carnival, Inc.",32.3,USD,-2.3579201934703784,180277,0.3382610413727457,877745007.9232165,USD,11.885924563017479,2.7175,USD,-6.131260794473237,1.58706,Retail trade,Buy
FUFU,BitFuFu Inc.,5.355,USD,8.181818181818185,237183,1.516231294265205,872341608.790909,USD,22.671464860287895,0.2362,USD,75.74404761904762,0,Technology services,Strong buy
CRESY,Cresud S.A.C.I.F. y A.,13.29,USD,5.225653206650819,243519,1.1174533046504471,871795236.2000802,USD,,-1.4723,USD,-134.15058452403042,7.53891,Process industries,Strong buy
UPB,"Upstream Bio, Inc.",16.17,USD,-1.6423357664233549,90804,0.1379095623462729,866657104.620438,USD,,,,,0,Health technology,Strong buy
BMBL,Bumble Inc.,7.995,USD,-1.781326781326787,898401,0.4881513932702233,864918207.4606879,USD,,-4.9017,USD,-559.628582963262,0,Technology services,Neutral
NNE,Nano Nuclear Energy Inc.,23.625,USD,-5.101425989154447,1658813,0.46261860156189166,864600538.782888,USD,,-0.3584,USD,,0,Producer manufacturing,Strong buy
HTLD,"Heartland Express, Inc.",11.005,USD,-1.9162210338680912,163993,0.36929937315511324,863856836.737968,USD,,-0.2891,USD,-190.79773869346735,0.713012,Transportation,Sell
CNOB,"ConnectOne Bancorp, Inc.",22.51,USD,-1.745962461807065,120048,0.47878590156428597,863715796.8891315,USD,13.05003188590643,1.7249,USD,-28.14712988419561,3.09908,Finance,Buy
QURE,uniQure N.V.,17.6193,USD,-0.23046432616082146,655756,0.499153293045707,858820020.1706568,USD,,-4.9554,USD,-3.3408408408408334,0,Health technology,Strong buy
FMBH,"First Mid Bancshares, Inc.",35.89,USD,-2.5258011950027153,22908,0.3852278861401706,858189785.2235198,USD,11.046815845363046,3.2489,USD,-4.9528991867064605,2.55296,Finance,Buy
MGPI,"MGP Ingredients, Inc.",39.08,USD,-0.7366014732029443,104862,0.24892164102841657,857934288.016256,USD,8.106370179841939,4.8209,USD,9.015874451630406,1.2192,Process industries,Buy
TRIN,Trinity Capital Inc.,14.56,USD,0.6219765031098815,596447,0.9952713319031745,857668628.113338,USD,8.597578978447004,1.6935,USD,15.510538162471867,14.0981,Finance,Buy
ERII,"Energy Recovery, Inc.",14.8,USD,0.680272108843547,129102,0.32659725338747697,856829679.7278912,USD,44.43110177123987,0.3331,USD,26.12646724725483,0,Producer manufacturing,Strong buy
COGT,"Cogent Biosciences, Inc.",7.755,USD,-0.576923076923076,553088,0.43457097736748307,856630685.3288461,USD,,-2.4774,USD,-5.8763195008333575,0,Health technology,Buy
GDEN,"Golden Entertainment, Inc.",31.13,USD,-1.4873417721519062,79327,0.29896505862130174,853863262.756329,USD,25.171828252607746,1.2367,USD,-86.20278019501528,3.16456,Consumer services,Strong buy
PCRX,"Pacira BioSciences, Inc.",18.49,USD,-1.857749469214445,199298,0.24334675600134167,853743155.9771761,USD,,-2.0516,USD,-2733.6328626444165,0,Health technology,Neutral
BVS,Bioventus Inc.,10.49,USD,-0.0952380952380932,108153,0.33422663985923007,851311390.3466668,USD,,-0.6172,USD,78.93874765398397,0,Health technology,Buy
CTKB,"Cytek Biosciences, Inc.",6.6,USD,1.6949152542372794,266514,0.45884023333683976,850150083.0508475,USD,,-0.0773,USD,25.601539942252177,0,Health technology,Buy
SEDG,"SolarEdge Technologies, Inc.",14.66,USD,7.794117647058828,3898265,0.7012266603002923,849548992.0352942,USD,,-29.0486,USD,-895.7212513011559,0,Producer manufacturing,Neutral
EYE,"National Vision Holdings, Inc.",10.715,USD,2.83109404990403,669038,0.5120500185521487,843803722.4117082,USD,,-0.2034,USD,76.24386825508059,0,Retail trade,Buy
PAHC,Phibro Animal Health Corporation,20.7575,USD,-1.1547619047619033,64722,0.2800707598199156,840753643.0600001,USD,48.35196832052178,0.4293,USD,-16.152343749999996,2.28571,Health technology,Sell
UVSP,Univest Financial Corporation,28.91,USD,-2.0332090816672364,30477,0.2991448796824512,839631130.4977973,USD,11.625382017050024,2.4868,USD,-6.791604197901051,2.84649,Finance,Neutral
MATW,Matthews International Corporation,27.1389,USD,-1.9548410404624283,48196,0.23676871328122354,839611436.501185,USD,,-1.9336,USD,-254.1454081632653,3.50434,Producer manufacturing,Strong buy
DMRC,Digimarc Corporation,39.05,USD,4.272363150867808,130151,0.9183561868083715,837693006.8865154,USD,,-1.9528,USD,17.980595573102605,0,Technology services,Buy
HCSG,"Healthcare Services Group, Inc.",11.405,USD,-1.8080068876452935,146431,0.2880831612873017,835884452.007318,USD,16.816573282217632,0.6782,USD,58.1254371648403,0,Commercial services,Buy
MRNO,Murano Global Investments PLC,10.5,USD,2.539062499999998,950,0.09952542088776677,832050159.8144531,USD,,,,,0,Consumer services,
HCKT,"The Hackett Group, Inc.",30.135,USD,-1.9042968749999913,36548,0.42479102159985865,831529476.0493164,USD,24.80451065931352,1.2149,USD,-3.9149003479911326,1.43229,Commercial services,Strong buy
NESR,National Energy Services Reunited Corp,8.63,USD,-3.6830357142857144,47244,0.5203891793769738,823709444.8381698,USD,,,,,0,Industrial services,Strong buy
FIP,FTAI Infrastructure Inc.,7.235,USD,-0.34435261707988246,494895,0.4762035350459129,822945948.9800276,USD,,-1.9819,USD,-2.662522662522657,1.65289,Consumer services,Strong buy
AIOT,"PowerFleet, Inc.",6.195,USD,-6.98198198198198,1890157,0.6815746268175031,818928201,USD,,-0.5403,USD,-165.24300441826216,0,Electronic technology,Strong buy
HFWA,Heritage Financial Corporation,23.95,USD,-2.2448979591836764,102014,0.4167800397929459,817977229.2346938,USD,22.260433125755178,1.0759,USD,-51.338760741745816,3.7551,Finance,Buy
BJRI,"BJ's Restaurants, Inc.",35.73,USD,1.693468051800196,181692,0.5891510371557636,815234381.4287747,USD,28.533780546238617,1.2522,USD,93.1215299198026,0,Consumer services,Neutral
LAES,SEALSQ Corp,8.3024,USD,34.99837398373984,78690563,0.8550739621026173,811213915.0636748,USD,,-0.5754,USD,-263.0952380952381,0,Electronic technology,Strong buy
ATLC,Atlanticus Holdings Corporation,54.97,USD,-1.4521333811401975,25503,0.49898161028837745,810195228.017569,USD,12.35503011777398,4.4492,USD,8.03224553224553,0,Finance,Buy
BASE,"Couchbase, Inc.",15.47,USD,-0.7697241821680514,188094,0.448267964595949,809822853.4804362,USD,,-1.6045,USD,1.4253240769183442,0,Technology services,Buy
PRAA,"PRA Group, Inc.",20.45,USD,-2.1062709430349513,87318,0.23254814236501423,806276003.2527525,USD,18.658759124087588,1.096,USD,,0,Commercial services,Buy
MCBS,"MetroCity Bankshares, Inc.",31.405,USD,-1.7057902973395873,15586,0.3246481381577166,795548866.015806,USD,13.479697828139754,2.3298,USD,11.181102362204733,2.59781,Finance,Neutral
CSIQ,Canadian Solar Inc.,12,USD,7.913669064748209,1728004,1.0955734054989923,794099021.2230215,USD,1008.4033613445378,0.0119,USD,-99.75974642143305,0,Electronic technology,Neutral
PLRX,"Pliant Therapeutics, Inc.",12.98,USD,-1.4426727410782043,143455,0.1942336615174313,789880023.6719819,USD,,-3.3426,USD,-20.25038673238119,0,Health technology,Strong buy
CDMO,"Avid Bioservices, Inc.",12.335,USD,-0.12145748987853273,896950,0.9030349202028026,788987362.4307694,USD,,-2.3932,USD,-1179.7860962566847,0,Health technology,Neutral
IIIV,"i3 Verticals, Inc.",23.5,USD,1.9965277777777815,523845,1.8920189879109721,788199583.59375,USD,5.027275644453952,4.6745,USD,,0,Technology services,Buy
DAKT,"Daktronics, Inc.",16.665,USD,-1.1565836298932402,201691,0.37353408646005376,783026423.61121,USD,43.740157480314956,0.381,USD,-62.26601960978508,0,Producer manufacturing,Strong buy
OSBC,"Old Second Bancorp, Inc.",17.43,USD,-1.968503937007882,105272,0.36858137206159364,781796342.2677164,USD,9.41602290529955,1.8511,USD,-13.560588372636012,1.1811,Finance,Strong buy
GLDD,Great Lakes Dredge & Dock Corporation,11.605,USD,2.790079716563342,373810,0.8469701010332623,780692390.5438442,USD,13.252255338586274,0.8757,USD,,0,Industrial services,Strong buy
NTGR,"NETGEAR, Inc.",27.07,USD,-2.8704700394689655,180689,0.3671113243976478,778797533.159311,USD,42.145414915148685,0.6423,USD,,0,Technology services,Neutral
LENZ,"LENZ Therapeutics, Inc.",28.25,USD,-2.1475580187045407,138549,0.6518158530475138,776900240.0588846,USD,,-7.0708,USD,54.852633192011034,0,Health technology,Strong buy
ADSE,ADS-TEC ENERGY PLC,15.07,USD,-2.8368794326241105,125459,0.8058562178154351,776041027.8014185,USD,,-1.5456,USD,-76.23717217787915,0,Producer manufacturing,Neutral
CFFN,"Capitol Federal Financial, Inc.",5.835,USD,-1.2690355329949268,236432,0.23884075680048422,774738329.7817259,USD,20.010288065843618,0.2916,USD,,5.75296,Finance,Neutral
GCT,GigaCloud Technology Inc,18.86,USD,1.8358531317494593,768453,0.7013304189302346,772725382.138229,USD,5.953282828282828,3.168,USD,78.10760667903527,0,Distribution services,Strong buy
CSTL,"Castle Biosciences, Inc.",27.532,USD,3.309568480300193,160091,0.6953409968475524,771097009.4273921,USD,137.7288644322161,0.1999,USD,,0,Health technology,Strong buy
PPTA,Perpetua Resources Corp.,10.98,USD,2.905342080599817,220079,0.22388276823226622,770424532.2961574,USD,,-0.2182,USD,45.73489181795573,0,Non-energy minerals,Strong buy
SNCY,"Sun Country Airlines Holdings, Inc.",14.52,USD,-0.41152263374485937,240415,0.29480411954468605,768686339.1687242,USD,17.846607669616517,0.8136,USD,-34.381804984272925,0,Transportation,Buy
JACK,Jack In The Box Inc.,40.805,USD,-2.005283381364075,300627,0.41562234686086075,768380472.2164985,USD,,-1.9702,USD,-131.29487260944154,4.22671,Consumer services,Buy
EGBN,"Eagle Bancorp, Inc.",25.43,USD,-2.305032654629279,72268,0.20793351467716903,768025084.8255858,USD,,-1.3912,USD,-135.1757269279393,5.82021,Finance,Neutral
NBBK,"NB Bancorp, Inc.",17.91,USD,-0.8305647840531484,189775,0.8353809759838149,764859609.6229239,USD,50.55038103302286,0.3543,USD,,0,Finance,Strong buy
DJCO,Daily Journal Corp. (S.C.),550.5,USD,-3.079279564781072,29974,1.8564235326177838,758273015.1904082,USD,,,,,0,Consumer services,
SWIM,"Latham Group, Inc.",6.545,USD,-5.96264367816092,497461,0.8538320584063481,756762882.8706896,USD,68.24817518248175,0.0959,USD,,0,Producer manufacturing,Buy
TIPT,Tiptree Inc.,20.33,USD,-2.540747842761271,35134,0.33628904739479837,753345239.4798657,USD,21.060810110846365,0.9653,USD,391.74732552215994,1.15053,Finance,
FCBC,"First Community Bankshares, Inc.",41.15,USD,-1.1767531219980836,13134,0.3309704586060131,752672063.7956291,USD,15.069947996777264,2.7306,USD,-2.7529470422735907,2.88184,Finance,Neutral
SCWX,SecureWorks Corp.,8.445,USD,-0.1773049645390138,216885,1.8409821287605235,750676612.001773,USD,,-0.9841,USD,28.590087802046305,0,Technology services,Neutral
ASTE,"Astec Industries, Inc.",32.76,USD,-2.50000000000001,43867,0.32061200370991066,746986426.8749999,USD,,-0.0834,USD,-110.78773767947226,1.54762,Producer manufacturing,Buy
CEVA,"CEVA, Inc.",31.47,USD,-0.25356576862124197,118456,0.44448113349142976,743533654.4272584,USD,,-0.142,USD,75.67243446976187,0,Electronic technology,Strong buy
BFST,"Business First Bancshares, Inc.",25.08,USD,-2.412451361867708,63917,0.47190302794045114,740899695.7914398,USD,10.789417078941707,2.3245,USD,-13.738078450291317,2.17899,Finance,Buy
FNKO,"Funko, Inc.",13.64,USD,1.8670649738610903,403679,0.4016141410551789,738685563.2710979,USD,,-0.4823,USD,87.68323203432249,0,Consumer durables,Neutral
ARKO,ARKO Corp.,6.375,USD,-3.2625189681335334,94905,0.2759611534626648,738042160.356601,USD,40.476190476190474,0.1575,USD,-52.78776978417267,1.82094,Retail trade,Buy
MNRO,"Monro, Inc.",24.57,USD,-0.9274193548387113,184353,0.29758612908005977,735856312.1733872,USD,29.872340425531913,0.8225,USD,-23.338614968776213,4.51613,Retail trade,Neutral
PRTA,Prothena Corporation plc,13.665,USD,-1.3357400722021695,238992,0.23423983590509187,735296330.4758122,USD,,-2.4839,USD,-74.29654059364256,0,Health technology,Strong buy
CFB,"CrossFirst Bankshares, Inc.",14.8085,USD,-2.2541254125412533,75870,0.47886088292933854,730277523.7592078,USD,10.050563322926564,1.4734,USD,19.32296728215097,0,Finance,Buy
NBN,Northeast Bank,91.5,USD,-0.25073585522730185,43925,0.7293688655387532,729958638.2917256,USD,11.882499610409848,7.7004,USD,12.48192348705064,0.0436062,Finance,Buy
UFCS,"United Fire Group, Inc",28.6691,USD,0.7701230228471035,97160,0.6665770213419905,726535605.2135959,USD,14.727025222170852,1.9467,USD,,2.24956,Finance,Neutral
ABL,"Abacus Life, Inc.",7.715,USD,-1.4687100893997473,80486,0.3385239554719403,724380703.5159643,USD,,-0.1769,USD,-15981.818181818182,0,Finance,Strong buy
TYRA,"Tyra Biosciences, Inc.",14.3,USD,2.8776978417266212,68894,0.32434794030536557,723622780.6618705,USD,,-1.6064,USD,-15.50186942766753,0,Health technology,Strong buy
CGEM,"Cullinan Therapeutics, Inc.",12.385,USD,1.6830870279146148,182921,0.2799466433062785,721148750.7545156,USD,,-2.8786,USD,22.89601971393368,0,Health technology,Strong buy
EVER,"EverQuote, Inc.",20.33,USD,1.7008504252126058,186163,0.36705718771608575,718695267.8389195,USD,57.83783783783784,0.3515,USD,,0,Technology services,Buy
GOOD,Gladstone Commercial Corporation - Real Estate Investment Trust,16.14,USD,-0.6157635467980165,93702,0.29871434432644545,718431928,USD,81.80435884439939,0.1973,USD,,7.38916,Finance,Buy
MBUU,"Malibu Boats, Inc.",36.44,USD,-3.0593242883745826,34625,0.20802492574186046,718422343.6211758,USD,,-3.9875,USD,-191.51309297041743,0,Consumer durables,Buy
AXGN,"Axogen, Inc.",16.295,USD,-1.1225728155339727,394029,0.8394674929486724,717114557.346784,USD,,-0.3302,USD,39.368343738523684,0,Health technology,Strong buy
IBCP,Independent Bank Corporation,34.27,USD,-1.6078093597473304,28291,0.29189150150119164,716040067.0907265,USD,11.642997893592446,2.9434,USD,3.382389097678333,2.75624,Finance,Neutral
PGY,Pagaya Technologies Ltd.,9.695,USD,4.3595263724435,921889,0.5497032407834466,714091318.5527449,USD,,-2.5341,USD,-0.3603960396039647,0,Technology services,Buy
CRSR,"Corsair Gaming, Inc.",6.815,USD,3.1013615733736772,405505,0.7008198194585971,713533041.4485629,USD,,-0.9064,USD,-1083.0802603036875,0,Technology services,Buy
CCAP,"Crescent Capital BDC, Inc.",19.1412,USD,-0.40998959417272396,91990,0.7908832202763234,709402445.2535902,USD,7.513424399434762,2.5476,USD,65.06414409744718,8.68887,Finance,Buy
MLAB,"Mesa Laboratories, Inc.",130.545,USD,-1.0047774323197216,13047,0.26778787144868577,709045175.9121861,USD,,-45.5541,USD,-34202.78614457831,0.485326,Health technology,Buy
OSPN,OneSpan Inc.,18.64,USD,0.5393743257821004,205506,0.5976049157969122,708153291.6418555,USD,25.230102869518138,0.7388,USD,,0,Technology services,Buy
MBWM,Mercantile Bank Corporation,43.8,USD,-1.5509103169251626,22673,0.28832483436550227,707016544.1402562,USD,8.818377660109928,4.9669,USD,-5.527341892534482,3.19173,Finance,Neutral
OCS,Oculis Holding AG,16.92,USD,-0.47058823529410765,8107,0.29936007030733613,706330416.282353,USD,,-2.0127,USD,,0,Health technology,Strong buy
PUBM,"PubMatic, Inc.",14.78,USD,0.6126616746085763,165497,0.6258515801053491,705992451.8107556,USD,47.95587280986373,0.3082,USD,785.6321839080459,0,Technology services,Buy
EOLS,"Evolus, Inc. Common Stock",11.075,USD,0.3170289855072477,499894,0.8565648714743168,701285513.1861413,USD,,-0.9141,USD,17.744983352830012,0,Health technology,Strong buy
ORRF,"Orrstown Financial Services, Inc.",35.91,USD,-1.912045889101346,43462,0.4709786064616245,696152766.630975,USD,19.23818707810993,1.8666,USD,-48.096654895309065,2.34908,Finance,Buy
IMOS,ChipMOS TECHNOLOGIES INC.,18.68,USD,-0.7966011683483728,8829,0.3194734423453382,693544904.6151601,USD,13.076653832691633,1.4285,USD,3.5069922469386268,4.50106,Electronic technology,Neutral
ORKA,"Oruka Therapeutics, Inc.",19.8,USD,2.1144920061887578,100630,0.18326315500005375,692971276.2145437,USD,,-6.6853,USD,-48.006376054373575,0,Commercial services,Strong buy
IRMD,iRadimed Corporation,54.575,USD,-0.7727272727272676,12576,0.2850588885967378,691653038.6059091,USD,37.37757687829601,1.4601,USD,13.564595162168459,0.818182,Health technology,Strong buy
HBNC,"Horizon Bancorp, Inc.",15.81,USD,-1.8621973929236435,113034,0.6374138481336159,691137616.227188,USD,33.29823083403539,0.4748,USD,-72.07551608539669,3.97269,Finance,Buy
HNST,"The Honest Company, Inc.",6.835,USD,-1.3708513708513674,1423535,0.49670937692367656,690070910.5916306,USD,,-0.0425,USD,92.49249249249249,0,Retail trade,Buy
PSIX,"Power Solutions International, Inc.",30,USD,0.8403361344537815,358701,1.1833122754698433,689988441.6806722,USD,12.694114162400034,2.3633,USD,100.12702176306207,0,Producer manufacturing,Strong buy
CRGX,"CARGO Therapeutics, Inc.",14.985,USD,3.9181692094313423,115121,0.3634656999590189,689725465.879681,USD,,-3.5544,USD,,0,Health technology,Strong buy
HAFC,Hanmi Financial Corporation,22.78,USD,-3.5563082133784922,81352,0.32904180608973255,687873357.400508,USD,10.957190957190956,2.079,USD,-29.295333968167586,4.2337,Finance,Buy
PTLO,Portillo's Inc.,9.265,USD,-1.4361702127659552,1006231,0.5904455567230706,687668787.4776596,USD,22.080552907530986,0.4196,USD,60.520275439938764,0,Consumer services,Buy
GSBC,"Great Southern Bancorp, Inc.",58.75,USD,-1.5912897822445606,15850,0.3902710475515108,685891870.5192629,USD,11.512835586909661,5.103,USD,-14.534065786829235,2.68007,Finance,Neutral
HBT,"HBT Financial, Inc.",21.45,USD,-2.054794520547942,7953,0.20295513703873833,676948353.2945206,USD,9.735838779956428,2.2032,USD,5.795918367346929,3.47032,Finance,Buy
ADTN,"ADTRAN Holdings, Inc.",8.525,USD,2.3409363745498233,659939,1.1305852432995924,676082990.9243698,USD,,-6.5083,USD,-352.24793273573766,0,Electronic technology,Buy
KURA,"Kura Oncology, Inc.",8.69,USD,-0.2296211251435287,611640,0.29574547476398605,675766975.0287026,USD,,-2.356,USD,-16.691431401683985,0,Health technology,Strong buy
TECX,"Tectonic Therapeutic, Inc.",45.735,USD,-0.9421702404158593,78384,0.7104723611531578,674714221.3804418,USD,,-9.7271,USD,-717.2660057133255,0,Commercial services,Strong buy
LPRO,Open Lending Corporation,5.64,USD,-5.527638190954775,80514,0.22480311508979112,673133967.8793969,USD,146.875,0.0384,USD,-79.42122186495178,0,Technology services,Buy
INV,"Innventure, Inc.",13.57,USD,-2.02166064981949,21012,0.08907560531520055,672361931.3790615,USD,,-0.3499,USD,-229.7367445309603,0,Miscellaneous,
CTLP,"Cantaloupe, Inc.",9.2,USD,-3.2597266035751895,175188,0.4070020295737895,671472831.0410094,USD,52.4515393386545,0.1754,USD,20.63273727647868,0,Finance,Strong buy
SHEN,Shenandoah Telecommunications Co,12.22,USD,-3.0927835051546295,75764,0.22272969403917905,667238207.587629,USD,,-0.3521,USD,-594.5224719101124,0.793021,Communications,Neutral
RAPP,"Rapport Therapeutics, Inc.",18.185,USD,2.508455467869224,51478,0.40065564379800195,665142879.5862458,USD,,,,,0,Health technology,Strong buy
ODP,The ODP Corporation,22.07,USD,-2.946350043975366,124125,0.1811104400885205,664708505.1266491,USD,,-0.8022,USD,-116.84940138626338,0,Retail trade,Buy
DNTH,"Dianthus Therapeutics, Inc.",22.355,USD,2.545871559633026,180059,0.8831365401612079,661640147.4477065,USD,,-2.4982,USD,85.85783106612548,0,Health technology,Strong buy
EZPW,"EZCORP, Inc.",12.14,USD,-0.6546644844517191,127696,0.3045772695235494,661210558.0327333,USD,11.007344274186236,1.1029,USD,154.2415859843246,0,Finance,Buy
IMNM,"Immunome, Inc.",10.56,USD,-0.5649717514124174,366116,0.34330535062218914,659121859.4350283,USD,,-8.1174,USD,-337.5013474183465,0,Health technology,Strong buy
CAPR,"Capricor Therapeutics, Inc.",14.49,USD,4.9999999999999964,788499,0.5835535384222572,658858944.4499999,USD,,-1.0621,USD,7.867800138792505,0,Health technology,Strong buy
HUMA,"Humacyte, Inc.",5.1,USD,0.9900990099009866,3428840,0.2539406198187601,656209311.6237622,USD,,-1.3407,USD,-54.99421965317919,0,Health technology,Strong buy
NEXN,Nexxen International Ltd. - American Depository Shares,9.875,USD,-1.4471057884231495,85981,0.839818949720845,655941985.9341999,USD,52.63859275053305,0.1876,USD,,0,Commercial services,Buy
OFIX,Orthofix Medical Inc.,17.13,USD,-1.890034364261179,42815,0.2056395623333066,654608999.7439861,USD,,-3.1401,USD,19.52794649035135,0,Health technology,Buy
WRLD,World Acceptance Corporation,113.21,USD,0.6848096762717859,16509,0.5277408382988518,650909037.3805585,USD,7.795865526312165,14.5218,USD,54.06601101244469,0,Finance,Neutral
KROS,"Keros Therapeutics, Inc.",16.065,USD,1.4845230574857942,306027,0.23729030931397052,650751569.7612131,USD,,-5.2063,USD,-5.264966942315852,0,Health technology,Strong buy
PHAR,Pharming Group N.V.,9.99,USD,-0.7451564828613939,1434,0.2127028390044202,649564960.5888,USD,,-0.2585,USD,23.746312684365783,0,Health technology,Strong buy
ESQ,"Esquire Financial Holdings, Inc.",77.775,USD,-2.16981132075471,22525,0.3207894339579649,647189666.1103774,USD,15.682973060170996,4.9592,USD,2.517881506594459,0.754717,Finance,Buy
TRDA,"Entrada Therapeutics, Inc.",17.29,USD,0,97860,0.8179012216699527,646991407,USD,10.848287112561174,1.5938,USD,,0,Health technology,Strong buy
RMR,The RMR Group Inc.,20.2,USD,-2.13178294573644,36194,0.34221927221910203,643281103.3624032,USD,14.875911333677,1.3579,USD,-60.40415232985361,8.47868,Finance,Neutral
GPRE,"Green Plains, Inc.",9.88,USD,4.2194092827004255,529110,0.37964645544917625,638753668.4050634,USD,,-0.3971,USD,83.49611404347283,0,Process industries,Buy
SERV,Serve Robotics Inc.,14.3566,USD,6.345185185185187,6740523,0.5963929396837199,635971464.7418222,USD,,-0.8699,USD,-28.512335647806186,0,Producer manufacturing,Strong buy
AMRK,"A-Mark Precious Metals, Inc.",27.395,USD,-0.01824817518247812,98162,0.3257380225025436,635127291.7058395,USD,11.621839470558289,2.3572,USD,-55.42444356195987,2.91971,Finance,Buy
SMBC,"Southern Missouri Bancorp, Inc.",56.25,USD,-1.952239846609722,40738,1.0391763727545904,634340649.838766,USD,12.888074235307597,4.3645,USD,8.767164253495151,1.5339,Finance,Buy
IMXI,"International Money Express, Inc.",20.385,USD,-2.136341814690335,63135,0.3999624965869994,633946133.4066252,USD,11.321226257914029,1.8006,USD,20.85374857372978,0,Commercial services,Buy
SKYT,"SkyWater Technology, Inc.",13.2992,USD,-3.628985507246376,604305,0.2357997570537316,633786609.6677102,USD,,-0.3495,USD,33.27605956471937,0,Producer manufacturing,Strong buy
ITRN,Ituran Location and Control Ltd.,31.46,USD,0.995184590690216,90284,1.0753792187527917,632613267.5967897,USD,12.083269319403902,2.6036,USD,14.736471002996652,5.00803,Communications,Buy
FSBC,Five Star Bancorp,29.56,USD,-1.7613825191093426,24647,0.4495740838699086,630192074.3529412,USD,13.016865559910167,2.2709,USD,-22.288002190130722,2.65869,Finance,Buy
BYRN,"Byrna Technologies, Inc.",27.917,USD,-3.0996181881291123,236922,0.3958005931612877,627547139.3285317,USD,296.0445387062567,0.0943,USD,,0,Electronic technology,Strong buy
NCMI,"National CineMedia, Inc.",6.565,USD,-1.129518072289146,477506,0.6570993289139199,623117469.3524096,USD,,-0.2415,USD,-100.75773026057763,0,Commercial services,Buy
TRST,TrustCo Bank Corp NY,32.74,USD,-1.7111978384869417,41792,0.2872618294795304,622401608.6292405,USD,13.145954627584823,2.4905,USD,-32.001856604597826,4.32303,Finance,
CGNT,Cognyte Software Ltd.,8.62,USD,-0.34682080924856806,159438,0.7650462013280992,619734581.1098264,USD,,,,,0,Technology services,Neutral
CRML,Critical Metals Corp.,6.93,USD,2.061855670103088,38629,1.2515997757883857,619470048.4329897,USD,,-1.9703,USD,-8143.933054393306,0,Non-energy minerals,
LIND,Lindblad Expeditions Holdings Inc.,11.335,USD,-4.426644182124777,132805,0.42489972200190623,617801284.0657673,USD,,-0.772,USD,25.01214181641574,0,Consumer services,Buy
PLPC,Preformed Line Products Company,125.21,USD,-2.018937319039058,3049,0.2657729119087882,613228044.3073009,USD,18.79324577861163,6.6625,USD,-54.58511414217841,0.626027,Producer manufacturing,
SSYS,"Stratasys, Ltd.",8.69,USD,-2.249718785151868,242900,0.42718688379742936,612123644.9651293,USD,,-1.3241,USD,17.82411717246943,0,Electronic technology,Buy
ACIC,American Coastal Insurance Corporation,12.695,USD,-5.6835066864784585,225841,1.4255379987135877,611961967.5772659,USD,7.2106100193115985,1.7606,USD,,0,Finance,Buy
CAC,Camden National Corporation,41.975,USD,-1.7898923724847928,29119,0.42594616101376326,611878751.7524567,USD,13.125390869293309,3.198,USD,-6.9022735873773655,3.93074,Finance,Neutral
SPTN,SpartanNash Company,18.12,USD,-1.091703056768555,96075,0.24284028729844823,611638880.9737991,USD,13.63944298080542,1.3285,USD,47.16960230419853,4.74891,Distribution services,Neutral
MBX,"MBX Biosciences, Inc.",18.18,USD,-1.3564839934888768,223079,0.4756401757838194,607528695.008139,USD,,,,,0,Health technology,Strong buy
CCBG,Capital City Bank Group,35.77,USD,-2.4010914051841623,10398,0.30200494337770367,606103628.948704,USD,11.780397839546833,3.0364,USD,-3.9205138752650033,2.40109,Finance,Buy
MLYS,"Mineralys Therapeutics, Inc.",12.175,USD,-1.0966693744922809,115625,0.5163072119017548,605933567.4370431,USD,,-3.272,USD,-136.8440101339124,0,Health technology,Strong buy
OUST,"Ouster, Inc.",12.15,USD,-0.572831423895256,1336838,0.5518053424119408,604713305.0327332,USD,,-2.567,USD,79.30472919589158,0,Electronic technology,Strong buy
THRY,"Thryv Holdings, Inc.",14.36,USD,-2.9729729729729817,192958,0.209190197013328,603763661.772973,USD,,-9.665,USD,-518.4412592782186,0,Commercial services,Strong buy
KRT,Karat Packaging Inc.,29.94,USD,-1.0575016523463325,21432,0.5645734878060346,599521710.3291475,USD,21.295966996230174,1.4059,USD,-15.261286239527461,4.62657,Process industries,Buy
GRAL,"GRAIL, Inc.",17.775,USD,-0.4201680672269066,319584,0.25787367027231806,597253749.9831932,USD,,-67.9331,USD,,0,Health technology,Neutral
STOK,"Stoke Therapeutics, Inc.",11.275,USD,2.2212148685403537,211270,0.2725500122495838,597202641.8472348,USD,,-2.0998,USD,13.542224235187547,0,Health technology,Strong buy
SCHL,Scholastic Corporation,21.17,USD,-0.7501172058133925,143852,0.2854878151882566,594901269.5738398,USD,,-0.1846,USD,-110.30651554910389,3.75059,Consumer services,
VREX,Varex Imaging Corporation,14.42,USD,-1.1651816312542833,158372,0.2679782777388787,594551012.0932145,USD,,-1.1669,USD,-217.8925035360679,0,Health technology,Strong buy
WEST,Westrock Coffee Company,6.295,USD,-1.9470404984423675,148205,0.3847044391110253,592914210.1051402,USD,,-0.8546,USD,-9.62031811185224,0,Consumer non-durables,Strong buy
MOFG,"MidWestOne Financial Group, Inc.",28.5,USD,-2.129120879120882,44099,0.20809788089264217,592085223.5233517,USD,,-4.6634,USD,-314.46835908756435,3.33104,Finance,Buy
FLX,BingEx Limited,7.91,USD,-4.813477737665467,6811,0.6272852024793008,590175479,USD,119.48640483383687,0.0662,USD,,0,Transportation,
ZJK,"ZJK Industrial Co., Ltd.",9.6,USD,2.6737967914438503,50035,0.20085875296159778,589260000,USD,,,,,0,Producer manufacturing,
CCRN,"Cross Country Healthcare, Inc.",18.155,USD,-0.027533039647571613,543651,1.1688269806007112,585996071.0346917,USD,,-0.0569,USD,-102.0170152428217,0,Commercial services,Neutral
DOGZ,Dogness (International) Corporation,45.89,USD,0.8793141349747167,30102,0.16758992745675522,584209919.4073423,USD,,-0.5546,USD,-205.56473829201104,0,Consumer non-durables,
HTBI,"HomeTrust Bancshares, Inc.",33.24,USD,-1.306413301662701,16084,0.47678899626489596,582694629.0320666,USD,10.494743156631833,3.1673,USD,23.250836640983742,1.3361,Finance,Buy
MGIC,Magic Software Enterprises Ltd.,11.86,USD,-1.41313383208645,8141,0.18793356187310273,582317734.4771405,USD,16.825081571854163,0.7049,USD,-9.314293065740387,3.65752,Technology services,Buy
SBC,SBC Medical Group Holdings Incorporated,5.6475,USD,1.573741007194251,61737,1.3663525422828535,581810035.038669,USD,,-0.128,USD,-260,0,Commercial services,
LEGH,Legacy Housing Corporation,24,USD,-2.7552674230145855,45876,0.5402725387368439,579799446.0291734,USD,10.995052226498077,2.1828,USD,-18.93939393939395,0,Consumer durables,Buy
ANNX,"Annexon, Inc.",5.43,USD,5.847953216374266,627669,0.4030350675163633,578802749.4561403,USD,,-1.0382,USD,45.28878583473862,0,Health technology,Strong buy
LYTS,LSI Industries Inc.,19.37,USD,-0.257466529351188,52126,0.3391100751329904,577968145.291967,USD,24.79201331114809,0.7813,USD,-15.889762084185591,1.02987,Producer manufacturing,Strong buy
WASH,"Washington Trust Bancorp, Inc.",29.96,USD,-4.4338118022328565,167394,0.593292155822393,577130930.7406698,USD,11.224336879964035,2.6692,USD,-11.404673393520975,7.14514,Finance,Neutral
ORIC,"Oric Pharmaceuticals, Inc.",8.16,USD,1.1152416356877306,135282,0.3755787472435154,575826335.7620819,USD,,-1.8087,USD,9.397385162550718,0,Health technology,Strong buy
SIBN,"SI-BONE, Inc.",13.725,USD,-2.1041369472182594,141056,0.4458502291424141,575601525.7863766,USD,,-0.911,USD,23.219553308048887,0,Health technology,Strong buy
CLMB,"Climb Global Solutions, Inc.",124.905,USD,-1.4556213017751471,19924,0.6689834634432973,575411113.3262721,USD,33.845007451564825,3.6905,USD,39.802257746799,0.536489,Distribution services,Strong buy
FRPH,"FRP Holdings, Inc.",30.01,USD,-2.024159320927187,8002,0.31475188017244093,571104500.6183481,USD,74.91263105341987,0.4006,USD,46.25775830595109,0,Finance,
SRDX,"Surmodics, Inc.",39.625,USD,0.06313131313130954,43855,0.2933087744502007,566405572.673611,USD,,-0.8145,USD,-596.1538461538462,0,Health technology,Neutral
HTBK,Heritage Commerce Corp,9.22,USD,-1.705756929637528,191073,0.5267671938942612,565217056.066098,USD,13.107762297412568,0.7034,USD,-40.01364489169367,5.54371,Finance,Buy
FLGT,"Fulgent Genetics, Inc.",18.365,USD,-0.5684894423389303,122077,0.391033554501641,561726763.9596643,USD,,-5.5277,USD,-158.64214860565227,0,Health services,Neutral
RSVR,"Reservoir Media, Inc..",8.58,USD,-5.193370165745863,27213,0.5309687892670668,559609551.5270717,USD,,-0.0056,USD,72.13930348258705,0,Commercial services,Strong buy
ATEX,Anterix Inc.,30.025,USD,-2.1030322791001077,45956,0.5190780028892887,559013584.259048,USD,,-2.0184,USD,-611.764705882353,0,Communications,Strong buy
OMER,Omeros Corporation,9.645,USD,-2.3785425101214694,314040,0.20795625369629925,558925446.1336031,USD,,-2.301,USD,-817.7167810355583,0,Health technology,Buy
SLP,"Simulations Plus, Inc.",27.75,USD,-0.5019720329867357,145404,0.8966749322116365,557372421.0290426,USD,56.65577786851776,0.4898,USD,0.6162695152013152,0.860523,Technology services,Strong buy
SPFI,"South Plains Financial, Inc.",33.9,USD,-2.4460431654676302,34858,0.8450075996868008,555609405.7122302,USD,13.222560262110928,2.5638,USD,-31.121379829133307,1.61151,Finance,Strong buy
ATRO,Astronics Corporation,15.715,USD,-1.5350877192982517,96360,0.3071579664077054,554725127.0767543,USD,,-0.1812,USD,85.23949169110459,0,Electronic technology,Buy
METC,"Ramaco Resources, Inc.",10.55,USD,2.8265107212475726,176186,0.4095697223491736,552877716.5204679,USD,15.289855072463771,0.69,USD,-51.996660637261726,5.36062,Energy minerals,Strong buy
NYMT,"New York Mortgage Trust, Inc.",6.11,USD,0.8250825082508368,317132,0.2693795916155377,548911431,USD,,-0.3332,USD,82.0357990079793,13.2013,Finance,Buy
PGC,Peapack-Gladstone Financial Corporation,31.06,USD,-3.088923556942273,18717,0.19575810377051633,546199596.3163806,USD,17.109177040872535,1.8154,USD,-45.60925188003716,0.624025,Finance,Strong buy
SENEB,Seneca Foods Corp.,79.41,USD,-0.4887218045112789,340,0.09049051180368882,546150735.6727914,USD,13.61205389283143,5.8338,USD,23.315295510273096,0,Consumer non-durables,
MPB,Mid Penn Bancorp,28.1,USD,-2.565880721220522,29243,0.3929945558904835,545946136.7753121,USD,9.664327968083644,2.9076,USD,14.095118505729085,2.77393,Finance,Strong buy
KIDS,OrthoPediatrics Corp.,22.51,USD,-2.8904227782571104,67146,0.23956099393587374,545100698.5008628,USD,,-1.2382,USD,-27.16442436068604,0,Health technology,Strong buy
HIFS,Hingham Institution for Savings,249.97,USD,-1.6408278901392885,4686,0.6697155923967415,544997073.8117572,USD,23.67857684146711,10.5568,USD,-27.59595072837507,0.991579,Finance,
CASS,"Cass Information Systems, Inc",40.13,USD,-1.906624297237825,12991,0.28026354394988,544533813.6702518,USD,24.063080889848298,1.6677,USD,-25.445929634762393,2.95771,Commercial services,Strong buy
MNMD,Mind Medicine (MindMed) Inc.,7.395,USD,6.249999999999995,856802,0.7146586762096616,542287835.4375001,USD,,-2.0852,USD,-4.931561996779381,0,Health technology,Strong buy
HAIN,"The Hain Celestial Group, Inc.",6.01,USD,-2.2764227642276516,530114,0.330579635909292,542066729.606504,USD,,-0.9387,USD,37.282020444978954,0,Consumer non-durables,Buy
THFF,First Financial Corporation Indiana,45.79,USD,-0.8659883091578233,24841,0.48032468951275303,540702216.6057588,USD,12.432124239791486,3.6832,USD,-31.742031134173466,3.89695,Finance,Neutral
GAMB,Gambling.com Group Limited,14.575,USD,3.5156249999999947,186509,0.6750721459851796,538153561.40625,USD,18.68829337094499,0.7799,USD,313.0826271186441,0,Technology services,Strong buy
METCB,"Ramaco Resources, Inc.",9.82,USD,-0.6072874493927175,13666,0.17882542602874346,534414866.0526315,USD,14.231884057971016,0.69,USD,-46.623346484103045,9.51619,Energy minerals,
SENEA,Seneca Foods Corp.,77.48,USD,-2.2457734039868797,7979,0.3660545113385603,534221585.2596517,USD,13.281223216428401,5.8338,USD,23.315295510273096,0,Consumer non-durables,
WLDN,"Willdan Group, Inc.",37.75,USD,-0.8926227356261575,64745,0.45562599049128366,533213675.702284,USD,23.09716103768967,1.6344,USD,805.4847645429364,0,Commercial services,Strong buy
EYPT,"EyePoint Pharmaceuticals, Inc.",7.792257,USD,4.594053691275168,649443,0.6808977525781007,531829552.1545127,USD,,-2.0064,USD,24.763761811909394,0,Health technology,Strong buy
VINP,Vinci Partners Investments Ltd.,9.94,USD,-1.2909632571996106,59185,0.5512319244173809,525533868.631579,USD,15.624017604526879,0.6362,USD,-12.932804160394145,0.00695134,Finance,Strong buy
BCAL,California BanCorp,16.25,USD,-1.7533252720677097,42836,0.6071042363789172,522684331.0157195,USD,,-0.0861,USD,-105.33457249070632,0,Finance,Buy
FISI,"Financial Institutions, Inc.",26.785,USD,-1.8504946866984209,69665,0.5483140513690732,521628093.4203005,USD,8.426400729858118,3.1787,USD,-4.036348267117489,4.39722,Finance,Buy
FMNB,Farmers National Banc Corp.,13.867,USD,-2.4824191279887464,52417,0.4482579623363085,521229066.92770743,USD,11.27306723030648,1.2301,USD,-7.919754472640175,4.782,Finance,Neutral
TREE,"LendingTree, Inc.",38.98,USD,0.593548387096766,98199,0.38984642197136465,520852078.7814194,USD,,-2.7116,USD,75.80764598295936,0,Finance,Buy
SHBI,"Shore Bancshares, Inc.",15.61,USD,-1.514195583596216,57716,0.5929587941102741,520230963.9053627,USD,12.639676113360322,1.235,USD,63.100898045430554,3.02839,Finance,Buy
DDI,"DoubleDown Interactive Co., Ltd. - American Depository Shares",10.75,USD,2.9693486590038365,20591,0.47443607290154605,517337885,USD,4.7008920762637745,2.2868,USD,,0,Technology services,Strong buy
HONE,"HarborOne Bancorp, Inc.",11.73,USD,-0.8453085376162269,73546,0.34755347794486624,516724744.46322906,USD,42.54624591947769,0.2757,USD,-62.692828146143434,2.70499,Finance,Neutral
TRML,"Tourmaline Bio, Inc.",20.09,USD,-0.9368836291913276,46930,0.21462554405265918,515160025.1918145,USD,,-2.8218,USD,81.16137474297007,0,Health technology,Strong buy
CCNE,CNB Financial Corporation,24.42,USD,-1.7699115044247697,16890,0.3266065406392129,512666633.3628319,USD,10.43768165498376,2.3396,USD,-11.207256442369735,2.85599,Finance,Buy
MSBI,"Midland States Bancorp, Inc.",23.85,USD,-2.2540983606557266,20794,0.2753731788672339,510425374.2418033,USD,11.93633952254642,1.9981,USD,-46.49188581222216,5.08197,Finance,Neutral
DGICB,"Donegal Group, Inc.",13.9,USD,-1.4883061658398236,1799,1.2990107588995594,509093449.12119067,USD,20.48938679245283,0.6784,USD,146.4220849981838,4.37633,Finance,Neutral
ATXS,"Astria Therapeutics, Inc.",9.01,USD,0.7829977628635378,141943,0.3489115242593342,508472292.1666667,USD,,-2.0933,USD,4.897551224387792,0,Health technology,Strong buy
DGICA,"Donegal Group, Inc.",15.21,USD,-1.6806722689075615,22284,0.21911533768030578,508099330.3613445,USD,20.177765985672593,0.7538,USD,146.4203988231448,4.44409,Finance,Neutral
PHAT,"Phathom Pharmaceuticals, Inc.",7.43,USD,-8.497536945812803,618706,0.5911890467023352,508043929.19088674,USD,,-5.6939,USD,-48.60759493670886,0,Health technology,Strong buy
RICK,"RCI Hospitality Holdings, Inc.",56.83,USD,-1.1136244997389952,61832,0.41628205568426413,505786989.1224987,USD,179.10494799873933,0.3173,USD,-89.89393891136096,0.45241,Consumer services,Strong buy
NNOX,NANO-X IMAGING LTD,8.62,USD,19.722222222222207,10962012,4.182080935881697,504269986.8305555,USD,,-0.8555,USD,51.303506375227684,0,Health technology,Strong buy
FLWS,"1-800-FLOWERS.COM, Inc.",7.86,USD,-3.794369645042835,161760,0.3577662434632905,501868450.16401476,USD,,-0.1544,USD,76.26076260762608,0,Retail trade,Buy
KELYB,"Kelly Services, Inc.",13.5901,USD,-2.4127357982493325,220,0.2723109295704914,501297599.13986576,USD,11.69141431520991,1.1624,USD,80.35686578743214,2.23714,Commercial services,Buy
ALT,"Altimmune, Inc.",7.0343,USD,-2.436893203883495,1831806,0.6449759956903154,500311960.12553394,USD,,-1.5547,USD,-1.2372208113563785,0,Health technology,Strong buy
VERV,"Verve Therapeutics, Inc.",5.88,USD,4.255319148936175,642293,0.40954247555853457,497823374.4042553,USD,,-2.4639,USD,20.642231383663997,0,Health technology,Strong buy
SMLR,"Semler Scientific, Inc.",53.69,USD,-0.5740740740740783,338819,0.47081892330250674,497568128.78499997,USD,26.199189967305905,2.0493,USD,-17.63263665594855,0,Health technology,
CRMD,CorMedix Inc.,8.2,USD,1.2345679012345634,447988,0.5202275824388295,497553097.7037037,USD,,-0.8014,USD,6.44408125145926,0,Health technology,Strong buy
THRD,"Third Harmonic Bio, Inc.",11.04,USD,7.288629737609329,161203,0.8321761207066551,497444893.71428573,USD,,-0.9646,USD,9.546136534133533,0,Health technology,Strong buy
PFIS,Peoples Financial Services Corp.,49.7,USD,-2.891754591637352,10727,0.36811816019848936,496733960.3087144,USD,48.39337877312562,1.027,USD,-77.58718519488455,4.01524,Finance,Buy
VALU,"Value Line, Inc.",52.26,USD,-1.0227272727272712,1590,0.23186292380605178,492167639.0829545,USD,22.138439379818692,2.3606,USD,26.404283801874158,2.23485,Consumer services,
KELYA,"Kelly Services, Inc.",13.85,USD,-0.6456241032998555,298404,0.1636509466427738,491460648.8952654,USD,11.915003441156227,1.1624,USD,80.35686578743214,2.15208,Commercial services,Buy
LASR,"nLIGHT, Inc.",10.145,USD,-3.2888465204957162,108728,0.2112575349194358,491315801.68779784,USD,,-1.0355,USD,7.643596146985362,0,Electronic technology,Buy
HNRG,Hallador Energy Company,11.52,USD,0.6113537117903955,182471,0.6234249611877637,490949112.73362446,USD,,-0.5899,USD,-124.50564971751412,0,Energy minerals,Strong buy
NFBK,"Northfield Bancorp, Inc.",11.365,USD,-2.19449225473321,40283,0.1487759766112627,487604900.88898456,USD,17.777256374159236,0.6393,USD,-34.59846547314579,4.47504,Finance,Neutral
FARO,"FARO Technologies, Inc.",25.76,USD,1.5772870662460654,83644,0.48247478578371006,487310230.0378549,USD,,-0.3484,USD,89.10773463390234,0,Electronic technology,Strong buy
MITK,"Mitek Systems, Inc.",10.83,USD,-2.6954177897574185,296414,0.24256542226280425,486454955.47708887,USD,156.2770562770563,0.0693,USD,-60.60261512222854,0,Technology services,Strong buy
MGTX,MeiraGTx Holdings plc,6.2178,USD,2.0985221674876944,98501,0.2867011597162473,485942201.33113307,USD,,-1.3055,USD,48.101769032001584,0,Health technology,Strong buy
ALRS,Alerus Financial Corporation,19.15,USD,-0.4677754677754671,62089,0.6186757594569038,485228050.8523909,USD,121.66454891994915,0.1574,USD,-91.43727559569143,4.10603,Finance,Buy
CELC,Celcuity Inc.,13.06,USD,-0.2291825821237537,80278,0.22444454323083501,484911990.34530175,USD,,-2.6084,USD,4.580040971612525,0,Health technology,Strong buy
BIGC,"BigCommerce Holdings, Inc. - Series 1",6.18,USD,0.9803921568627386,228256,0.2596424638096926,484388232.37254894,USD,,-0.3602,USD,71.62438947534268,0,Technology services,Neutral
TMCI,"Treace Medical Concepts, Inc.",7.765,USD,4.368279569892463,146852,0.5882942063925097,483736808.24865586,USD,,-0.9924,USD,-25.145018915510708,0,Health technology,Neutral
AEHR,Aehr Test Systems,16.305,USD,-1.9542994588093765,1294849,0.9027399365177812,483131106.8054721,USD,16.538188457247184,0.9859,USD,55.72579371347338,0,Electronic technology,Buy
RDVT,"Red Violet, Inc.",34.865,USD,-3.6878453038674057,58173,1.1965346096807965,480845981.26712704,USD,97.6063829787234,0.3572,USD,-60.72999120492525,0,Technology services,Strong buy
GLRE,"Greenlight Reinsurance, Ltd.",13.78,USD,-1.571428571428576,76443,0.9942757250943315,479991751.57142854,USD,5.468036982659418,2.5201,USD,-8.87362140661725,0,Finance,Neutral
EBTC,Enterprise Bancorp Inc,38.55,USD,-2.5037936267071372,17079,0.40007589706109714,479162442.02200305,USD,13.266570307660539,2.9058,USD,-16.403912543153044,2.42792,Finance,
LINC,Lincoln Educational Services Corporation,15.19,USD,-3.982300884955757,182605,0.9156501690346223,478168551.5884956,USD,47.73727215587681,0.3182,USD,-64.06144115653942,0,Commercial services,Strong buy
NGNE,Neurogene Inc.,22.7011,USD,-0.6951006124234433,154387,0.5924724337048495,476262758.236203,USD,,-4.4939,USD,-342.13892168437627,0,Health technology,Strong buy
GRPN,"Groupon, Inc.",11.89,USD,-2.1399176954732493,384177,0.34420656353947965,472839663.59423876,USD,25.16934801016088,0.4724,USD,,0,Retail trade,Buy
TERN,"Terns Pharmaceuticals, Inc.",5.545,USD,0.09025270758122551,1014873,0.4900470339849344,470985922.2490975,USD,,-1.1787,USD,6.800031628054073,0,Health technology,Buy
NWPX,Northwest Pipe Company,47.42,USD,-1.7405719021964285,23771,0.40354603066277567,470345245.2971405,USD,16.117191217456323,2.9422,USD,25.68133276377616,0,Non-energy minerals,Buy
AIRJ,AirJoule Technologies Corporation,8.41,USD,5.5869428750784715,87683,0.3679095497122448,469641005.7978656,USD,1.6697772306714849,5.0366,USD,6195.75,0,Producer manufacturing,Strong buy
FFIC,Flushing Financial Corporation,13.945,USD,-2.345938375350134,163869,0.34030321997299484,469375656.3469888,USD,15.93532167752257,0.8751,USD,-21.197658712291766,6.16247,Finance,Neutral
ARQQ,Arqit Quantum Inc.,37.5,USD,-3.4500514933058786,563880,0.3558592867705959,468900348.54531413,USD,,-7.7644,USD,27.839478062063773,0,Technology services,Strong buy
BAND,Bandwidth Inc.,17.01,USD,-0.058754406580481845,165374,0.697620756088373,467946951.91128093,USD,,-0.6199,USD,-58.339719029374194,0,Technology services,Neutral
AROW,Arrow Financial Corporation,27.9001,USD,-2.820968303726933,25830,0.657021198663065,467019235.5281644,USD,14.239830551727657,1.9593,USD,-2.90882061446976,3.79659,Finance,Neutral
YORW,The York Water Company,32.44,USD,-0.855745721271397,33947,0.36116941991809937,466297854.3031785,USD,21.947094242608753,1.4781,USD,-7.1895014441793315,2.60269,Utilities,Strong buy
AIP,"Arteris, Inc.",11.585,USD,13.689892051030435,981533,3.9141062998044807,465455100.55397457,USD,,-0.9482,USD,1.393510815307817,0,Electronic technology,Strong buy
ARCT,Arcturus Therapeutics Holdings Inc.,17.145,USD,1.0312315851502694,156488,0.3771794933596857,464412742.5441957,USD,,-2.2131,USD,-161.23685666851136,0,Health technology,Strong buy
CBNK,"Capital Bancorp, Inc.",27.91,USD,-2.070175438596491,22090,0.31966450421612735,462123734.35859644,USD,11.98316946460006,2.3291,USD,-7.74380099817793,1.26316,Finance,Buy
ZVRA,"Zevra Therapeutics, Inc.",8.635,USD,3.537170263788968,258716,0.4222886039238256,460901204.00539565,USD,,-1.9682,USD,-70.06826233474466,0,Health technology,Strong buy
GCBC,"Greene County Bancorp, Inc.",27,USD,-2.5974025974025934,21247,0.9054916768238113,459724365.5844156,USD,18.717504332755635,1.4425,USD,-12.960839920352388,1.22655,Finance,
KOD,Kodiak Sciences Inc,8.7,USD,-12.562814070351761,393629,0.8667023655972694,457826804.68341714,USD,,-3.6473,USD,29.632273498996764,0,Health technology,Sell
TBPH,"Theravance Biopharma, Inc.",9.26,USD,-1.5940488841657847,76492,0.4432792418147027,455353985.526036,USD,,-1.0118,USD,-6.315015235893669,0,Health technology,Buy
CCSI,"Consensus Cloud Solutions, Inc.",23.585,USD,-1.1525565800502875,46804,0.4620691425400969,455275380.29966474,USD,5.164221589664988,4.567,USD,17.730459888636837,0,Technology services,Neutral
PSNL,"Personalis, Inc.",6.39,USD,10.553633217993069,936230,0.4386481523909119,453817015.0692041,USD,,-1.6765,USD,29.70060382422005,0,Health services,Strong buy
URGN,UroGen Pharma Ltd.,10.75,USD,0.9389671361502313,378887,0.7717632901016994,453643677.1830986,USD,,-3.1432,USD,25.646969768652127,0,Health technology,Strong buy
ANSC,Agriculture & Natural Solutions Acquisition Corporation,10.49,USD,0,75833,0.890843924633098,452381240,USD,55.32700421940929,0.1896,USD,,0,Finance,
KE,"Kimball Electronics, Inc.",18.257,USD,-2.525360384410032,47571,0.32182883152273184,450594629.486866,USD,35.80505981565013,0.5099,USD,-77.52655471814536,0,Electronic technology,Buy
CVGW,"Calavo Growers, Inc.",25.3,USD,-0.7843137254901933,39841,0.2788540952167644,450379840.0588235,USD,,-0.4991,USD,-131.3861845155308,1.96078,Process industries,Buy
PRTC,PureTech Health plc,19.4831,USD,5.542253521126757,1072,0.13733025877530106,449837152.22179997,USD,,-3.0164,USD,-75.35170329031509,0,Health technology,Strong buy
CLFD,"Clearfield, Inc.",31.37,USD,1.1935483870967774,47637,0.46420459030195665,448233620.8167742,USD,,-0.8398,USD,-138.24574187084434,0,Electronic technology,Strong buy
HCAT,"Health Catalyst, Inc",7.35,USD,3.9603960396039515,213029,0.390533438219146,447230284.15841585,USD,,-1.3503,USD,39.3368974347455,0,Technology services,Buy
ALMS,Alumis Inc.,8.18,USD,4.071246819338414,44889,0.28856074470772686,445051948.1603053,USD,,-4.4697,USD,,0,Health technology,Strong buy
TCBX,"Third Coast Bancshares, Inc.",32.53,USD,-4.182621502209136,53017,0.7608432031847582,444981258.10250366,USD,14.241309867787411,2.2842,USD,34.5071251913791,0,Finance,Buy
KRNY,Kearny Financial,6.89,USD,-2.683615819209045,90867,0.20538837359902626,444953999.67655367,USD,,-1.4524,USD,-372.03596179059747,6.21469,Finance,Neutral
ABVX,Abivax SA,7.44,USD,1.6393442622950833,38582,0.1326926264830848,443240765.1568,USD,,-3.5479,USD,-4.5252334796570715,0,Health technology,Strong buy
VBNK,VersaBank,13.63,USD,-1.5884476534295946,55825,0.16816623047373924,443138725.02380955,USD,12.729757887103018,1.0707195,USD,-5.287624754545763,0.506586,Finance,Strong buy
LMNR,Limoneira Co,24.495,USD,0.14309076042518457,30165,0.31532864112328707,442945315.18663126,USD,63.75585632483082,0.3842,USD,-16.441931274467162,1.22649,Process industries,Neutral
SWBI,"Smith & Wesson Brands, Inc.",9.9854,USD,-1.183572488866899,296558,0.4147244390917619,439384586.7663533,USD,12.739729522837457,0.7838,USD,22.373145979703374,5.04701,Electronic technology,Buy
GRVY,"GRAVITY Co., Ltd.",61.46,USD,-2.614482649342416,39014,1.5722512603721273,438545083,USD,6.866041803983779,8.9513,USD,-43.07128729243117,0,Technology services,
MFH,Mercurity Fintech Holding Inc. - American,7.03,USD,2.92825768667643,63807,0.6858902695962505,437897977.44363105,USD,,-0.2274,USD,-275.2475247524753,0,Technology services,
AMCX,AMC Networks Inc.,9.91,USD,0.10101010101009886,166495,0.25664404329013674,437236908.77878785,USD,15.712700174409386,0.6307,USD,,0,Consumer services,Sell
SOHU,Sohu.com Limited,12.86,USD,-2.427921092564494,31074,0.5035007186154621,435581665,USD,,-2.8006,USD,-58.494623655914005,0,Technology services,Strong buy
ITIC,Investors Title Company,230.53,USD,-2.631356648082442,4762,0.7945671761329507,434340894.34055585,USD,15.260823513835563,15.106,USD,22.448648736280653,0.777158,Finance,
BWMN,Bowman Consulting Group Ltd.,24.72,USD,-0.9218436873747512,30354,0.4008806325551419,433337151.3907815,USD,,-0.7889,USD,-944.6466809421843,0,Industrial services,Strong buy
SIGA,SIGA Technologies Inc.,6.065,USD,0.9151414309484294,308209,0.6768690384501778,433069344.03577375,USD,5.036538780933401,1.2042,USD,,9.98336,Health technology,
KALV,"KalVista Pharmaceuticals, Inc.",8.75,USD,3.3057851239669347,159364,0.36651613265269517,432407373.9669421,USD,,-3.6402,USD,-19.159383285868607,0,Health technology,Strong buy
GLUE,"Monte Rosa Therapeutics, Inc.",7.02,USD,1.1527377521613713,298842,0.22485152517520418,431285898.00864553,USD,,-1.832,USD,31.913628423830232,0,Health technology,Strong buy
RNAC,"Cartesian Therapeutics, Inc.",16.755,USD,-6.448911222780576,79434,0.45644116785133515,431027523.1164154,USD,,-52.639,USD,-442.088894381282,0,Health technology,Buy
TKNO,"Alpha Teknova, Inc.",8.08,USD,-3.233532934131732,110884,0.2660663433418148,430726121.1688623,USD,,-0.7372,USD,46.463326071169206,0,Health technology,Buy
MERC,Mercer International Inc.,6.435,USD,-1.000000000000006,118696,0.29822186444442433,430313426.73,USD,,-2.8358,USD,-39.74276844232,4.61538,Process industries,Neutral
LSAK,"Lesaka Technologies, Inc.",5.415,USD,-0.6422018348623879,6904,0.4726954045023826,428993767.10091734,USD,,-0.2514,USD,45.63148788927335,0,Technology services,Strong buy
CLPT,ClearPoint Neuro Inc.,15.55,USD,1.1053315994798434,127735,0.6413375126839072,428942081.96684,USD,,-0.6912,USD,22.249718785151853,0,Health technology,Strong buy
BIOX,Bioceres Crop Solutions Corp.,6.773543,USD,11.406957236842105,213717,1.489306694726866,425735532.96027434,USD,490.8364492753623,0.0138,USD,-93.51198871650212,0,Process industries,Strong buy
AENT,Alliance Entertainment Holding Corporation,8.33,USD,-8.057395143487863,124625,0.9331850720340252,424474917.6600442,USD,50.27157513578757,0.1657,USD,,0,Distribution services,Strong buy
POET,POET Technologies Inc.,5.98,USD,0.5042016806722731,1834632,0.46283043955410225,422850252.40093786,USD,,-0.593383245,USD,-9.99013619754697,0,Electronic technology,Strong buy
RDUS,"Radius Recycling, Inc.",14.95,USD,-1.7739816031537539,83040,0.3133387443130947,420921562.1222076,USD,,-9.3609,USD,-897.6446765426836,4.92773,Non-energy minerals,Neutral
DHIL,"Diamond Hill Investment Group, Inc.",154.61,USD,-0.31592520954221837,5749,0.29039606811098595,420918935.51766604,USD,8.777527349937268,17.6143,USD,21.404251213056895,3.86847,Finance,
UNTY,"Unity Bancorp, Inc.",41.985,USD,-3.7262095849575787,24010,0.45965172910221463,419262418.9141252,USD,10.776437371663244,3.896,USD,2.2491667322783013,1.19239,Finance,Strong buy
NRIM,Northrim BanCorp Inc,75.94,USD,-2.5660764690787787,127431,2.185548020622164,417817536.39568895,USD,12.948438139407994,5.8648,USD,22.19097026897515,3.15627,Finance,Strong buy
MTLS,Materialise NV,7.0756,USD,0.5056818181818129,89745,0.657420030195391,415832987,USD,38.51714752313554,0.1837,USD,243.36448598130843,0,Technology services,Strong buy
VLGEA,"Village Super Market, Inc.",31.19,USD,-2.195045468798994,14723,0.7416381221035664,415270911.25932896,USD,8.755825051934199,3.5622,USD,2.5034530386740257,3.13578,Retail trade,
BSVN,Bank7 Corp.,44.43,USD,-4.779254179168446,9195,0.20796392125642324,415117684.6973854,USD,11.701651347151623,3.7969,USD,-1.2792179090507245,1.92885,Finance,Buy
QTRX,Quanterix Corporation,10.76,USD,1.2229539040451458,152879,0.33241336333074806,414521714.9840075,USD,,-0.9353,USD,9.35258771079667,0,Health technology,Strong buy
CDXC,ChromaDex Corporation,5.41,USD,1.9792648444863417,265019,0.4772948220646402,413233437.3138549,USD,286.2433862433862,0.0189,USD,,0,Health technology,Strong buy
NETD,Nabors Energy Transition Corp. II,10.83,USD,0.27777777777777185,5532,0.10129252335935225,412893757.0194444,USD,26.793666501731817,0.4042,USD,,0,Finance,
RWAY,Runway Growth Finance Corp.,11.045,USD,0.7755474452554659,174714,0.23733400855583708,412502378.66012776,USD,10.57747557939092,1.0442,USD,-37.43559017375674,16.3321,Finance,Buy
OFLX,"Omega Flex, Inc.",40.79,USD,-2.811532046700023,10509,0.45211278512489134,411747414.45913744,USD,22.597086034014737,1.8051,USD,-17.382946587944524,3.21658,Producer manufacturing,
USAP,"Universal Stainless & Alloy Products, Inc.",43.625,USD,-0.9198273904156282,234298,1.1141407205503893,410730775.9936407,USD,16.05926743972023,2.7165,USD,,0,Non-energy minerals,Neutral
PERI,Perion Network Ltd,8.68,USD,2.4793388429751957,192171,0.5993280400294283,410624766.1487603,USD,9.308310991957104,0.9325,USD,-60.425242965666506,0,Technology services,Neutral
AURA,"Aura Biosciences, Inc.",8.215,USD,-0.06082725060828201,76242,0.3880657638164635,410351303.6636253,USD,,-1.7307,USD,11.259806183664054,0,Health technology,Strong buy
CRMT,"America's Car-Mart, Inc.",49.57,USD,-3.2780487804878042,40370,0.31681182303740685,409081982.64331704,USD,,-0.8126,USD,74.01841667732447,0,Retail trade,Neutral
NRC,National Research Corporation,17.4155,USD,-1.2726757369614456,29058,0.23644651595757665,408846958.2312642,USD,15.496974550631787,1.1238,USD,-3.3040784718637064,2.72109,Health services,
TCMD,"Tactile Systems Technology, Inc.",17.02,USD,-0.6421482778750697,87938,0.32634439208531907,408430441.29713947,USD,26.486150015561783,0.6426,USD,-39.932697700504775,0,Health technology,Buy
BSRR,Sierra Bancorp,28.36,USD,-1.9363762102351392,17230,0.2971166066283042,408202429.3167358,USD,11.229904173596262,2.5254,USD,4.997505404955933,3.25035,Finance,Neutral
ALNT,Allient Inc.,24.21,USD,-0.2883031301482713,57172,0.605096518885188,407826634.4443987,USD,27.586599817684593,0.8776,USD,-39.40063527137136,0.494234,Producer manufacturing,Buy
CWCO,Consolidated Water Co. Ltd.,25.7025,USD,-0.724217844727694,31799,0.2837392657524859,406996431.87282735,USD,11.178888308977037,2.2992,USD,71.59489514142845,1.52569,Utilities,Strong buy
LE,"Lands' End, Inc.",13.12,USD,-0.15220700152208028,45240,0.37643252796409415,405796860.22526634,USD,,-0.665,USD,83.06034592556742,0,Retail trade,Strong buy
GHRS,GH Research PLC,7.73,USD,10.428571428571434,131601,1.8259809022719138,402177559.74571437,USD,,-0.7963,USD,-1.284660391757822,0,Health technology,Strong buy
NVEC,NVE Corporation,83,USD,1.928036350239461,18613,0.6736908398604334,401223672.63907653,USD,24.912206981420894,3.3317,USD,-25.355110453914055,4.91219,Electronic technology,
DCTH,"Delcath Systems, Inc.",12.475,USD,3.6129568106312333,308652,0.9595463596386918,398872947.7740864,USD,,-1.3556,USD,59.523454062285396,0,Health technology,Strong buy
CARE,"Carter Bankshares, Inc.",17.265,USD,-1.847640704945988,53597,0.6286160641505761,398338322.4363275,USD,27.703786906290116,0.6232,USD,-63.59600443951165,0,Finance,Strong buy
ANAB,"AnaptysBio, Inc.",12.91,USD,-2.492447129909366,128211,0.2066604061350631,392834282.00679755,USD,,-6.0697,USD,-12.123619167251633,0,Health technology,Buy
LAND,Gladstone Land Corporation,10.73,USD,-1.1059907834101312,132411,0.32401215091447527,392603554,USD,,-0.2591,USD,11.84076216400136,5.15668,Finance,Buy
FMAO,"Farmers & Merchants Bancorp, Inc.",28.11,USD,-4.550084889643463,6751,0.2656754831626047,385092447.7059423,USD,16.688435051056757,1.6844,USD,-5.804719829996651,2.9966,Finance,Neutral
CADL,"Candel Therapeutics, Inc.",8.6558,USD,-0.27880184331797747,987085,0.2652355498640066,384971393.8907373,USD,,-1.7412,USD,-57.7031066026628,0,Health technology,Strong buy
RGNX,REGENXBIO Inc.,7.76,USD,0.3880983182406127,401886,0.17872752597620917,384469749.1228978,USD,,-5.0344,USD,15.842262750539113,0,Health technology,Strong buy
CYRX,"CryoPort, Inc.",7.765,USD,-0.19280205655527724,166450,0.6616819561775336,383828465.2776349,USD,,-3.3864,USD,-201.6837416481069,0,Transportation,Buy
CDZI,"Cadiz, Inc.",5.095,USD,-2.019230769230777,336943,0.5187578067397268,383063039.47019225,USD,,-0.5101,USD,13.834459459459456,0,Finance,Strong buy
SHYF,"The Shyft Group, Inc.",11.09,USD,-5.536626916524705,198872,0.541913171052585,382543480.7282795,USD,,-0.1119,USD,-113.71155495650042,1.70358,Producer manufacturing,Neutral
ZIMV,ZimVie Inc.,13.79,USD,-1.1469534050179222,58203,0.39395613098163124,380588428.6681004,USD,,-12.8825,USD,-280.7335382432912,0,Health technology,Neutral
KRRO,"Korro Bio, Inc.",40.4,USD,6.12030470186498,91552,0.9757407687667461,378477754.7255056,USD,,-12.0168,USD,85.53700059576465,0,Health technology,Strong buy
ZBIO,"Zenas BioPharma, Inc.",9.04,USD,10.378510378510375,116553,0.17768214237529983,377790934.71062267,USD,,,,,0,Health technology,Strong buy
ETON,"Eton Pharmaceuticals, Inc.",14.175,USD,6.418918918918921,361184,2.5357545292112627,377548226.1486487,USD,,-0.2135,USD,-352.06611570247935,0,Health technology,Strong buy
BMRC,Bank of Marin Bancorp,23.4,USD,-1.5565839293226797,23298,0.3701855853565527,376339399.2848128,USD,,-0.8557,USD,-142.584851199363,4.20698,Finance,Buy
APEI,"American Public Education, Inc.",21.085,USD,-2.2484932777005073,86656,0.5633747876519918,373458638.277237,USD,37.752909579230085,0.5585,USD,,0,Consumer services,Buy
FBIZ,"First Business Financial Services, Inc.",44.92,USD,-2.9596025059408024,12838,0.2884477118308948,372612139.44782895,USD,9.580072085137239,4.6889,USD,6.3218521121970115,2.16029,Finance,Strong buy
CTNM,"Contineum Therapeutics, Inc.",14.34,USD,-2.116040955631403,47142,0.2686424784721878,369653530.6238908,USD,,-1.1239,USD,,0,Health technology,Strong buy
NIPG,NIP Group Inc.,6.91,USD,4.855842185128988,54551,0.9562751006656113,369406765,USD,,,,,0,Consumer services,
LGTY,"Logility Supply Chain Solutions, Inc.",10.89,USD,-1.7148014440433168,61386,0.27909653941387275,366775824.1110108,USD,36.13138686131387,0.3014,USD,11.588300629396517,3.97112,Technology services,Buy
IGMS,"IGM Biosciences, Inc.",6.16,USD,0.8183306055646452,166844,0.6635407345542763,366299363.1162029,USD,,-3.6485,USD,26.888163036290415,0,Health technology,Buy
RRBI,"Red River Bancshares, Inc.",54,USD,0.03705075954057638,2691,0.32004091195604345,365970842.75657654,USD,11.371054349428288,4.7489,USD,-7.119247393846933,0.666914,Finance,Strong buy
LWAY,"Lifeway Foods, Inc.",24.7,USD,-0.4032258064516186,57266,0.9056619290191061,365966801.03225803,USD,28.561517113783534,0.8648,USD,61.22296793437734,0,Consumer non-durables,Buy
LOVE,The Lovesac Company,23.71,USD,0.21132713440406048,99396,0.24266518620297683,365913026.8233306,USD,69.2464953271028,0.3424,USD,-73.13245448838668,0,Consumer durables,Strong buy
BWB,"Bridgewater Bancshares, Inc.",13.31,USD,-1.480384900074014,24245,0.30743694340852407,365035935.9689119,USD,12.65810746552544,1.0515,USD,-26.750261233019845,0,Finance,Strong buy
PNRG,PrimeEnergy Resources Corporation,212.52,USD,-3.219636595473379,13394,0.8567170479912499,365003087.41855276,USD,8.777828259881872,24.211,USD,79.70147481240119,0,Energy minerals,
GPAT,GP-Act III Acquisition Corp.,10.15,USD,0.09861932938855805,157729,6.142621252599522,364765637.0118343,USD,,,,,0,Finance,
KMDA,Kamada Ltd.,6.3,USD,3.448275862068965,36829,1.123304550986235,362159385.5144766,USD,22.967191388974367,0.274304328,USD,128.47244103617476,0,Health technology,Strong buy
ANGO,"AngioDynamics, Inc.",8.91,USD,-2.7292576419213974,290929,0.7156132777429313,362051167.49999994,USD,,-6.0358,USD,-4094.5731303772336,0,Health technology,Strong buy
HBCP,"Home Bancorp, Inc.",44.742,USD,-3.176801558104314,5431,0.22366638250204887,361339978.3312703,USD,9.913806474485387,4.5131,USD,-12.23747666459242,2.18567,Finance,Neutral
EWCZ,"European Wax Center, Inc.",6.3375,USD,-4.985007496251868,694383,0.7754120901362688,360875970.8039731,USD,27.747373029772334,0.2284,USD,57.95297372060856,0,Consumer services,Buy
CWBC,Community West Bancshares,19,USD,-1.9101703665462106,24225,0.4119337505101347,359967259.2669076,USD,28.94576477757465,0.6564,USD,-71.76409859336688,2.47806,Finance,Buy
ZUMZ,Zumiez Inc.,18.75,USD,-2.1909233176838896,75141,0.268841075679151,359489752.543036,USD,,-2.5777,USD,-180.21524078704206,0,Retail trade,Neutral
IBEX,IBEX Limited,21.44,USD,-0.23266635644484485,95092,0.7758590444953024,359437493.57654727,USD,11.345115885278867,1.8898,USD,40.65197975587973,0,Commercial services,Neutral
ENGN,enGene Holdings Inc.,7.035,USD,5.789473684210523,66483,0.5770843279371555,358620927.93157893,USD,,-1.5011,USD,-79105.26315789473,0,Health technology,Strong buy
ATOM,Atomera Incorporated,12.46,USD,7.4137931034482865,640301,0.6249965226508908,358575506.2448277,USD,,-0.6979,USD,12.969198154383339,0,Commercial services,Strong buy
DOYU,DouYu International Holdings Limited,10.97,USD,-2.1409455842997343,16363,0.24626938677221946,358469626,USD,,-0.8563,USD,-236.96417146513116,0,Commercial services,Sell
BBCP,"Concrete Pumping Holdings, Inc.",6.69,USD,0.4504504504504542,24843,0.2843102361069308,358137503.7747748,USD,25.73076923076923,0.26,USD,-49.661181026137456,0,Industrial services,Neutral
WTBA,West Bancorporation,21.275,USD,-1.7321016166281757,11627,0.3597084465124337,358114241.0831408,USD,16.67319749216301,1.276,USD,-24.88815634565576,4.61894,Finance,Neutral
RBB,RBB Bancorp,20.2081,USD,-1.3757930697901255,16238,0.3637585546433092,357550327.9173353,USD,10.907967181258773,1.8526,USD,-26.466619036278484,3.12347,Finance,Neutral
ZEUS,"Olympic Steel, Inc.",31.995,USD,-2.4839987808594977,34234,0.3372681613890317,356185685.17113686,USD,14.060028124450696,2.2756,USD,-35.86968774659002,1.82871,Producer manufacturing,Buy
SAGE,"Sage Therapeutics, Inc.",5.81,USD,6.998158379373848,321055,0.17625906192440824,355416650.44383055,USD,,-5.5788,USD,49.198659576018066,0,Health technology,Neutral
PKOH,Park-Ohio Holdings Corp.,25.29,USD,-3.7304910544347183,23470,0.5865183252615217,355119432.4682147,USD,20.486026731470233,1.2345,USD,,1.90331,Producer manufacturing,Neutral
YMAB,"Y-mAbs Therapeutics, Inc.",7.92,USD,1.14942528735632,264027,0.5668658294943194,354729462.62068963,USD,,-0.541,USD,-22.287522603978303,0,Health technology,Strong buy
PMTS,CPI Card Group Inc.,31.53,USD,5.486784877885582,20863,0.4931358552289466,351856445.2994312,USD,23.99908661896788,1.3138,USD,-53.83371986787546,0,Finance,Strong buy
WEYS,"Weyco Group, Inc.",36.79,USD,-2.023968042609848,13308,0.5825319215061436,351686445.16937417,USD,12.188576729393056,3.0184,USD,-9.528519617540384,2.74301,Consumer non-durables,
CRVS,"Corvus Pharmaceuticals, Inc.",5.43,USD,1.4953271028037398,663771,0.2543776188808406,348916849.7383177,USD,,-0.9262,USD,-44.854551141695346,0,Health technology,Strong buy
GILT,Gilat Satellite Networks Ltd.,6.1,USD,-0.8130081300813123,218816,0.7133640348675189,347803904.32520324,USD,21.01998621640248,0.2902,USD,17.063331988705123,0,Electronic technology,Strong buy
DSGN,"Design Therapeutics, Inc.",6.14,USD,-0.4862236628849311,53802,0.2610183996576808,347653168.8816856,USD,,-0.8463,USD,34.58803524501469,0,Health technology,Buy
PDYN,Palladyne AI Corp.,11.5358,USD,-5.983700081499588,7048655,0.3271865696786653,347370615.458533,USD,,-2.1599,USD,67.93735619386922,0,Producer manufacturing,
USCB,"USCB Financial Holdings, Inc.",17.4334,USD,-1.783661971830992,17582,0.6287436927159138,345889698.4628845,USD,16.785480454457925,1.0386,USD,12.952691680261012,1.12676,Finance,Buy
OB,Outbrain Inc.,6.95,USD,-3.203342618384395,249005,0.5424882893509073,345063048.32172704,USD,,-0.0566,USD,-18.658280922431864,0,Technology services,Buy
PAMT,PAMT CORP,15.81,USD,-3.479853479853471,6030,0.1967598257549802,344381839.45238096,USD,,-0.1108,USD,-106.38395943765843,0,Transportation,Neutral
FRBA,First Bank,13.7,USD,-2.6297085998578607,45211,0.5913488268653397,344341317.0007107,USD,8.610936517913261,1.591,USD,42.677786745583354,1.70576,Finance,Strong buy
NPCE,"Neuropace, Inc.",11.44,USD,2.234137622877569,15106,0.21192569553463328,341462258.8882931,USD,,-0.9925,USD,33.802441139198294,0,Health technology,Strong buy
LOCO,"El Pollo Loco Holdings, Inc.",11.37,USD,-1.4731369150779892,81470,0.48136860651853564,340409000.5658579,USD,14.419784400760937,0.7885,USD,0.15241966213641292,0,Consumer services,Neutral
NECB,"NorthEast Community Bancorp, Inc.",24.16,USD,-1.2264922322158656,33260,0.3338901515455716,338737713.7792314,USD,6.7155881698910385,3.5976,USD,25.975208347923523,1.67621,Finance,Neutral
HEAR,Turtle Beach Corporation,16.83,USD,-2.772963604852689,81335,0.5086378062317277,337934992.35181975,USD,60.56135300467794,0.2779,USD,,0,Consumer durables,Strong buy
JFIN,Jiayin Group Inc.,6.51,USD,2.1978021978021927,46123,0.18422104768306774,337816930,USD,2.172244652807901,2.9969,USD,-22.50866215028184,13.7363,Finance,
JUNS,"Jupiter Neurosciences, Inc.",10.2,USD,-4.672897196261683,415600,1.374729585794902,337659354.8411215,USD,,,,,0,Health technology,
JOUT,Johnson Outdoors Inc.,32.94,USD,-0.1818181818181887,25162,0.3299562278877399,335600977.95818174,USD,,-2.6062,USD,-236.68642156605654,4,Consumer durables,
CRNC,Cerence Inc.,7.8,USD,-0.6369426751592334,1257654,0.6489371401645585,335309661.0955414,USD,,-14.1218,USD,-910.8661417322834,0,Technology services,Neutral
NEWT,"NewtekOne, Inc.",12.6803,USD,-0.7024275646045324,58261,0.2941620488999407,333556033.25286615,USD,7.122163558750843,1.7804,USD,77.34834146827373,5.95145,Finance,Neutral
RCEL,"Avita Medical, Inc.",12.71,USD,-0.7031249999999989,58137,0.3773167333094929,333226063.3984375,USD,,-2.2262,USD,-66.93161367726455,0,Health technology,Buy
SNBR,Sleep Number Corporation,14.89,USD,-2.2965879265091838,125636,0.37637892414632745,333104189.02296585,USD,,-1.8146,USD,-1035.3608247422678,0,Consumer durables,Neutral
ACNB,ACNB Corporation,38.8,USD,-2.5859904594526766,4816,0.23913561611186143,331686664.85563654,USD,11.278741897037875,3.4401,USD,-22.36815381490759,3.16344,Finance,Strong buy
VYGR,"Voyager Therapeutics, Inc.",6.02,USD,6.172839506172833,336849,0.8861749198993885,328846040.8641975,USD,8.352990148466768,0.7207,USD,-41.33496133496133,0,Health technology,Strong buy
MTRX,Matrix Service Company,11.89,USD,-0.6683375104427741,71050,0.4649863023739497,327627509.69089395,USD,,-1.1296,USD,37.739072920685665,0,Industrial services,Strong buy
BTMD,Biote Corp.,6.02,USD,-2.588996763754048,41388,0.324704464647162,327109549.4854369,USD,29.669788072942335,0.2029,USD,,0,Health services,Strong buy
ASLE,AerSale Corporation,6.12,USD,-2.8571428571428523,175300,0.46419452848904547,325628979.08571434,USD,,-0.0188,USD,-119.3018480492813,0,Distribution services,Buy
SPOK,"Spok Holdings, Inc.",15.996,USD,-0.33644859813084277,33551,0.2895532641302959,324276591.8257944,USD,22.27855153203343,0.718,USD,-60.50822287002915,7.78816,Communications,Neutral
TITN,Titan Machinery Inc.,13.92,USD,-1.4861995753715558,85082,0.38379942575789355,321909613.9617834,USD,10.467739509700706,1.3298,USD,-71.52645440335739,0,Distribution services,Neutral
ARTNA,Artesian Resources Corporation,31.31,USD,-0.9803921568627522,15116,0.2844572241521421,321830804.39215684,USD,16.091067941206703,1.9458,USD,23.79437587479322,3.73846,Utilities,Strong buy
CVRX,"CVRx, Inc.",13.25,USD,4.5777426992896615,145910,0.9793439046899908,321493528.2557222,USD,,-2.7085,USD,-31.672338356830338,0,Health technology,Buy
SLN,Silence Therapeutics Plc - American Depository Share,7.35,USD,6.831395348837206,269998,0.4925862483860839,321020384,USD,,-1.6717,USD,-16.60040454767385,0,Commercial services,Strong buy
NATH,"Nathan's Famous, Inc.",78.58,USD,-0.03816308357715448,9138,0.9636902439281609,320969029.55654496,USD,14.724455187662786,5.3367,USD,11.220640643561266,2.54421,Consumer services,
CIVB,"Civista Bancshares, Inc.",20.38,USD,-3.1368821292775677,16918,0.27460362805313526,320710462.8022813,USD,10.194587564403982,1.9991,USD,-30.293943303462463,3.04183,Finance,Buy
DENN,Denny's Corporation,6.245,USD,3.2231404958677734,469447,0.6506491425707576,320550201.62975204,USD,18.675239234449762,0.3344,USD,-35.61802079322295,0,Consumer services,Buy
NODK,"NI Holdings, Inc.",15.51,USD,-1.2101910828025448,5908,0.30410187515763576,320260456.7828025,USD,187.77239709443097,0.0826,USD,,0,Finance,
SSBK,"Southern States Bancshares, Inc.",32.19,USD,-3.3623536475533005,4832,0.19309231427052906,318193627.3581507,USD,9.09090909090909,3.5409,USD,-5.396884768495016,1.08076,Finance,Strong buy
JSPR,"Jasper Therapeutics, Inc.",21.2,USD,-0.8419083255378845,238775,1.0957334427345908,318028656.6884939,USD,,-4.7463,USD,42.76808431105378,0,Health technology,Strong buy
VMD,"Viemed Healthcare, Inc.",8.12,USD,1.246882793017452,104928,0.7187961972195697,316164898.3840399,USD,31.60762942779291,0.2569,USD,12.134439109559153,0,Health services,Strong buy
HRZN,Horizon Technology Finance Corporation,9.0999,USD,1.2224694104560585,256982,0.5381374574721222,314837000,USD,,-0.1208,USD,-350.7462686567164,14.683,Finance,Neutral
OLMA,"Olema Pharmaceuticals, Inc.",5.49,USD,-5.83190394511149,598694,0.48890616133281056,314565159.30360204,USD,,-2.1892,USD,5.796290718189252,0,Health technology,Strong buy
FSBW,"FS Bancorp, Inc.",40.17,USD,-2.1675596687774004,8370,0.5334234056248447,314015811.6451534,USD,8.528481348591326,4.7101,USD,9.654514131396375,2.58159,Finance,Buy
ATLN,Atlantic International Corp.,6.25,USD,28.07377049180328,55065,11.886926862965193,313417132.4282787,USD,,-8.2415,USD,51.10962146513931,0,Health technology,
AIRS,"AirSculpt Technologies, Inc.",5.41,USD,4.238921001926777,243404,0.8373975460595485,313143171.07514447,USD,,-0.1373,USD,-8.280757097791806,0,Health technology,Neutral
IPXX,Inflection Point Acquisition Corp. II,12.5,USD,8.885017421602784,12931,1.9484080943842572,312500000,USD,37.058997924696115,0.3373,USD,,0,Finance,
BLZE,"Backblaze, Inc.",6.1558,USD,2.255813953488382,141328,0.5322224527769692,311791278.1804651,USD,,-1.1103,USD,38.31323962442358,0,Electronic technology,Strong buy
SFST,"Southern First Bancshares, Inc.",38.165,USD,-3.987421383647801,6575,0.26737532989845836,311420571.0763522,USD,21.98951371283706,1.7356,USD,-4.992336325815631,0,Finance,Neutral
MCFT,"MasterCraft Boat Holdings, Inc.",18.53,USD,-2.8316727844782332,44969,0.39667095954695414,311225836.8259046,USD,,-0.0172,USD,-100.42755226329265,0,Consumer durables,Buy
XOMA,XOMA Royalty Corporation,26.3899,USD,0.41818873668188605,9991,0.29441232459319766,310944876.23495054,USD,,-3.4769,USD,-23.882990094776602,0,Health technology,Buy
PDLB,"Ponce Financial Group, Inc.",13.03,USD,0.23076923076922584,37328,0.5871444188405918,310492845.2453846,USD,35.67907995618839,0.3652,USD,,0,Finance,Strong buy
COFS,"ChoiceOne Financial Services, Inc.",34.655,USD,-2.763748597081929,23596,0.7079720363647274,310426568.27455103,USD,10.966078096323017,3.1602,USD,5.122746324263186,3.05836,Finance,Strong buy
JAKK,"JAKKS Pacific, Inc.",28.085,USD,-0.23090586145647507,43290,0.5563573693254183,308663621.0801066,USD,10.267236967171165,2.7354,USD,-68.17822242903677,0,Consumer durables,Strong buy
ARQ,"Arq, Inc.",7.31,USD,-3.4346103038309206,166061,0.45191671567436176,307254551.53764856,USD,,-0.0065,USD,99.15595377223738,0,Process industries,Strong buy
TTSH,"Tile Shop Holdings, Inc.",6.87,USD,-0.8658008658008602,35158,0.13154532267291655,306804625.61904764,USD,83.78048780487805,0.082,USD,-67.17373899119295,0,Retail trade,
INBK,First Internet Bancorp,35.355,USD,-1.76437899416506,23189,0.8105604608404466,306453385.43456507,USD,13.96602804661268,2.5315,USD,116.36752136752138,0.666852,Finance,Buy
RIGL,"Rigel Pharmaceuticals, Inc.",17.37,USD,3.269916765755058,148184,0.35125046340674815,305973235.7122474,USD,80.19390581717452,0.2166,USD,,0,Health technology,Buy
TSSI,"TSS, Inc.",13.5622,USD,14.352445193929187,1564101,1.6667611529917603,304778908.88266444,USD,78.30369515011549,0.1732,USD,,0,Technology services,
CCIX,Churchill Capital Corp IX,10.3,USD,0,441,0.046561226429039,303592500,USD,68.89632107023412,0.1495,USD,,0,Finance,
REFI,"Chicago Atlantic Real Estate Finance, Inc.",15.53,USD,0.7133592736705541,77499,0.4375599535446484,302763735,USD,7.783680834001603,1.9952,USD,-0.9728012705975808,12.192,Finance,Buy
OBT,"Orange County Bancorp, Inc.",53.15,USD,-4.354867734389062,22464,1.2720848056537102,301579802.81086916,USD,10.389585003029888,5.1157,USD,-5.362956933550381,1.69156,Finance,Strong buy
NYXH,Nyxoah SA,8.75,USD,9.375,84302,1.7929690906268012,300884198.0932203,USD,,-1.912949721,USD,-7.231424226957859,0,Health technology,Strong buy
LSEA,Landsea Homes Corporation,8.29,USD,-2.355712603062439,206972,0.48806507660121146,300785089.6513545,USD,11.494731003882418,0.7212,USD,-31.366577845451086,0,Consumer durables,Buy
RZLT,"Rezolute, Inc.",5.18,USD,5.714285714285701,337789,1.1248459863202551,300145085.68571424,USD,,-1.2665,USD,-15.283087565993075,0,Health technology,Strong buy
ALDX,"Aldeyra Therapeutics, Inc.",5.04,USD,1.0020040080160284,267300,0.5651992068180829,300129963.79959923,USD,,-0.7537,USD,3.0735596707818833,0,Health technology,Strong buy